project_id,source_row,source_slug,project_name,raw_developer,developer_family,mapping_basis,mapping_confidence,legal_contracting_seller,legal_seller_status,operator_or_brand_signal,district_raw,property_type_raw,location_type_evidence,official_group_source,official_project_source,source_path,source_layer,source_project_path,source_verified_at,inventory_status,registration_enabled,commercial_status,next_action,notes
PHK-P-846b0ce44f98,1,the-title-sierra,The Title Sierra,Rhom Bho / The Title,Rhom Bho Property / THE TITLE,existing_seed_mapping,high,unknown,not_verified,unknown,Банг Тао,condo,existing_seed,https://thetitleresidence.com/,,ru/wegc-catalog-data.js,direct,/projects/the-title-sierra.html,,not_verified,false,not_verified,verify_project_seller_terms_inventory_and_lead_rules,Direct WEGC row; group mapping high-confidence.
PHK-P-3dfeadeb9e04,2,title-vivi,The Title Vivi,Rhom Bho / The Title,Rhom Bho Property / THE TITLE,existing_seed_mapping,high,unknown,not_verified,unknown,Банг Тао,condo,existing_seed,https://thetitleresidence.com/,,ru/wegc-catalog-data.js,direct,/projects/title-vivi.html,,not_verified,false,not_verified,verify_project_seller_terms_inventory_and_lead_rules,Direct WEGC row.
PHK-P-46b806e48450,3,the-title-artrio,The Title Artrio,Rhom Bho / The Title,Rhom Bho Property / THE TITLE,existing_seed_mapping,high,unknown,not_verified,unknown,Банг Тао,condo,existing_seed,https://thetitleresidence.com/,,ru/wegc-catalog-data.js,direct,/projects/the-title-artrio.html,,not_verified,false,not_verified,verify_project_seller_terms_inventory_and_lead_rules,Direct WEGC row.
PHK-P-9ce2e2ab9fe4,4,the-modeva,The Modeva,AssetWise,AssetWise PCL,existing_seed_mapping,high,unknown,not_verified,unknown,Банг Тао,condo,existing_seed,https://assetwise.co.th/,,ru/wegc-catalog-data.js,direct,/projects/the-modeva.html,,not_verified,false,not_verified,verify_project_seller_terms_inventory_and_lead_rules,Current generator maps Modeva to AssetWise; stale conflicting attribution elsewhere must not override without evidence.
PHK-P-04e49a4b62ce,5,the-title-vivana,The Title Vivana,Rhom Bho / The Title,Rhom Bho Property / THE TITLE,existing_seed_mapping,high,unknown,not_verified,unknown,Камала,condo,existing_seed,https://thetitleresidence.com/,,ru/wegc-catalog-data.js,direct,/projects/the-title-vivana.html,,not_verified,false,not_verified,verify_project_seller_terms_inventory_and_lead_rules,Direct WEGC row.
PHK-P-62632c9e818b,6,the-title-biancana,The Title Biancana,Rhom Bho / The Title,Rhom Bho Property / THE TITLE,existing_seed_mapping,high,unknown,not_verified,unknown,Сурин,condo,existing_seed,https://thetitleresidence.com/,,ru/wegc-catalog-data.js,direct,/projects/the-title-biancana.html,,not_verified,false,not_verified,verify_project_seller_terms_inventory_and_lead_rules,Direct WEGC row.
PHK-P-090d2489b73b,7,the-title-balcony,The Title Balcony,Rhom Bho / The Title,Rhom Bho Property / THE TITLE,existing_seed_mapping,high,unknown,not_verified,unknown,Най Янг,condo,existing_seed,https://thetitleresidence.com/,,ru/wegc-catalog-data.js,direct,/projects/the-title-balcony.html,,not_verified,false,not_verified,verify_project_seller_terms_inventory_and_lead_rules,Direct WEGC row.
PHK-P-ad76c603578c,8,the-olive,The Olive,Rhom Bho / The Title,Rhom Bho Property / THE TITLE,existing_seed_mapping,high,unknown,not_verified,unknown,Най Янг,condo,existing_seed,https://thetitleresidence.com/,,ru/wegc-catalog-data.js,direct,/projects/the-olive.html,,not_verified,false,not_verified,verify_project_seller_terms_inventory_and_lead_rules,Direct WEGC row; raw developer explicitly Rhom Bho / The Title.
PHK-P-f2ed71f11f68,9,the-title-katabello,The Title Katabello,Rhom Bho / The Title,Rhom Bho Property / THE TITLE,existing_seed_mapping,high,unknown,not_verified,unknown,Ката · Карон,condo,existing_seed,https://thetitleresidence.com/,,ru/wegc-catalog-data.js,direct,/projects/the-title-katabello.html,,not_verified,false,not_verified,verify_project_seller_terms_inventory_and_lead_rules,Direct WEGC row.
PHK-P-f7d6301555f5,10,the-title-adora,The Title Adora,Rhom Bho / The Title,Rhom Bho Property / THE TITLE,existing_seed_mapping,high,unknown,not_verified,unknown,Раваи,condo,existing_seed,https://thetitleresidence.com/,,ru/wegc-catalog-data.js,direct,/projects/the-title-adora.html,,not_verified,false,not_verified,verify_project_seller_terms_inventory_and_lead_rules,Direct WEGC row.
PHK-P-991e173f011b,11,casa-de-monte,Casa de Monte,Rhom Bho,Rhom Bho Property / THE TITLE,existing_seed_mapping,high,unknown,not_verified,unknown,Ко Кео,villa,existing_seed,https://thetitleresidence.com/,,ru/wegc-catalog-data.js,direct,/projects/casa-de-monte.html,,not_verified,false,not_verified,verify_project_seller_terms_inventory_and_lead_rules,Direct WEGC row; raw developer Rhom Bho.
PHK-P-ebfbdadbb933,12,the-title-coralina,The Title Coralina,Rhom Bho / The Title,Rhom Bho Property / THE TITLE,existing_seed_mapping,high,unknown,not_verified,unknown,Камала,condo,existing_seed,https://thetitleresidence.com/,,ru/wegc-catalog-data.js,market,/ru/zhk.html?p=the-title-coralina,,not_verified,false,not_verified,verify_project_seller_terms_inventory_and_lead_rules,EXTRA_EN row.
PHK-P-03b2679265c2,13,the-title-cielo,The Title Cielo,Rhom Bho / The Title,Rhom Bho Property / THE TITLE,existing_seed_mapping,high,unknown,not_verified,unknown,Банг Тао,condo,existing_seed,https://thetitleresidence.com/,,ru/wegc-catalog-data.js,market,/ru/zhk.html?p=the-title-cielo,,not_verified,false,not_verified,verify_project_seller_terms_inventory_and_lead_rules,EXTRA_EN row.
PHK-P-bd6ff80e3652,14,the-title-halo,The Title Halo,Rhom Bho / The Title,Rhom Bho Property / THE TITLE,existing_seed_mapping,high,unknown,not_verified,unknown,Банг Тао,condo,existing_seed,https://thetitleresidence.com/,,ru/wegc-catalog-data.js,market,/ru/zhk.html?p=the-title-halo,,not_verified,false,not_verified,verify_project_seller_terms_inventory_and_lead_rules,EXTRA_EN row.
PHK-P-4c563ef9d50b,15,the-title-heritage,The Title Heritage,Rhom Bho / The Title,Rhom Bho Property / THE TITLE,existing_seed_mapping,high,unknown,not_verified,unknown,Банг Тао,condo,existing_seed,https://thetitleresidence.com/,,ru/wegc-catalog-data.js,market,/ru/zhk.html?p=the-title-heritage,,not_verified,false,not_verified,verify_project_seller_terms_inventory_and_lead_rules,EXTRA_EN row.
PHK-P-a0274d14b5f2,16,the-title-legendary,The Title Legendary,Rhom Bho / The Title,Rhom Bho Property / THE TITLE,existing_seed_mapping,high,unknown,not_verified,unknown,Банг Тао,condo,existing_seed,https://thetitleresidence.com/,,ru/wegc-catalog-data.js,market,/ru/zhk.html?p=the-title-legendary,,not_verified,false,not_verified,verify_project_seller_terms_inventory_and_lead_rules,EXTRA_EN row.
PHK-P-334f243f482e,17,the-title-serenity,The Title Serenity,Rhom Bho / The Title,Rhom Bho Property / THE TITLE,existing_seed_mapping,high,unknown,not_verified,unknown,Камала,condo,existing_seed,https://thetitleresidence.com/,,ru/wegc-catalog-data.js,market,/ru/zhk.html?p=the-title-serenity,,not_verified,false,not_verified,verify_project_seller_terms_inventory_and_lead_rules,EXTRA_EN row.
PHK-P-0768fd4fca46,18,the-title-villa-kirara,The Title Villa Kirara,Rhom Bho / The Title,Rhom Bho Property / THE TITLE,existing_seed_mapping,high,unknown,not_verified,unknown,Банг Тао,villa,existing_seed,https://thetitleresidence.com/,,ru/wegc-catalog-data.js,market,/ru/zhk.html?p=the-title-villa-kirara,,not_verified,false,not_verified,verify_project_seller_terms_inventory_and_lead_rules,EXTRA_EN row.
PHK-P-8ef37f1ba21b,19,the-title-villa-estella,The Title Villa Estella,Rhom Bho / The Title,Rhom Bho Property / THE TITLE,existing_seed_mapping,high,unknown,not_verified,unknown,Банг Тао,villa,existing_seed,https://thetitleresidence.com/,,ru/wegc-catalog-data.js,market,/ru/zhk.html?p=the-title-villa-estella,,not_verified,false,not_verified,verify_project_seller_terms_inventory_and_lead_rules,EXTRA_EN row.
PHK-P-a52491d2fdf8,20,botanica-grand-avenue,Botanica Grand Avenue,Botanica Luxury Phuket,Botanica Luxury Villas / AAP,existing_seed_mapping,high,unknown,not_verified,unknown,Чернг Талай,villa,existing_seed,https://www.botanicaluxuryvilla.com/,,ru/wegc-catalog-data.js,market,/ru/zhk.html?p=botanica-grand-avenue,,not_verified,false,not_verified,verify_project_seller_terms_inventory_and_lead_rules,EXTRA_EN row.
PHK-P-de0c726346ba,21,botanica-hythe,Botanica Hythe,Botanica Luxury Phuket,Botanica Luxury Villas / AAP,existing_seed_mapping,high,unknown,not_verified,unknown,Чернг Талай,condo,existing_seed,https://www.botanicaluxuryvilla.com/,,ru/wegc-catalog-data.js,market,/ru/zhk.html?p=botanica-hythe,,not_verified,false,not_verified,verify_project_seller_terms_inventory_and_lead_rules,EXTRA_EN row.
PHK-P-98998a0772f1,22,botanica-four-seasons,Botanica Four Seasons,Botanica Luxury Phuket,Botanica Luxury Villas / AAP,existing_seed_mapping,high,unknown,not_verified,unknown,Чалонг,villa,existing_seed,https://www.botanicaluxuryvilla.com/,,ru/wegc-catalog-data.js,market,/ru/zhk.html?p=botanica-four-seasons,,not_verified,false,not_verified,verify_project_seller_terms_inventory_and_lead_rules,EXTRA_EN row.
PHK-P-4f6cfd111394,23,botanica-modern-loft,Botanica Modern Loft,Botanica Luxury Phuket,Botanica Luxury Villas / AAP,existing_seed_mapping,high,unknown,not_verified,unknown,Чернг Талай,villa,existing_seed,https://www.botanicaluxuryvilla.com/,,ru/wegc-catalog-data.js,market,/ru/zhk.html?p=botanica-modern-loft,,not_verified,false,not_verified,verify_project_seller_terms_inventory_and_lead_rules,EXTRA_EN row.
PHK-P-9c6775af26c1,24,botanica-chalong-bay,Botanica Chalong Bay,Botanica Luxury Phuket,Botanica Luxury Villas / AAP,existing_seed_mapping,high,unknown,not_verified,unknown,Чалонг,villa,existing_seed,https://www.botanicaluxuryvilla.com/,,ru/wegc-catalog-data.js,market,/ru/zhk.html?p=botanica-chalong-bay,,not_verified,false,not_verified,verify_project_seller_terms_inventory_and_lead_rules,EXTRA_EN row.
PHK-P-b37109793036,25,botanica-foresta,Botanica Foresta,Botanica Luxury Phuket,Botanica Luxury Villas / AAP,existing_seed_mapping,high,unknown,not_verified,unknown,Чернг Талай,villa,existing_seed,https://www.botanicaluxuryvilla.com/,,ru/wegc-catalog-data.js,market,/ru/zhk.html?p=botanica-foresta,,not_verified,false,not_verified,verify_project_seller_terms_inventory_and_lead_rules,EXTRA_EN row.
PHK-P-4c08f71e64c5,26,botanica-forestique,Botanica Forestique,Botanica Luxury Phuket,Botanica Luxury Villas / AAP,existing_seed_mapping,high,unknown,not_verified,unknown,Чернг Талай,villa,existing_seed,https://www.botanicaluxuryvilla.com/,,ru/wegc-catalog-data.js,market,/ru/zhk.html?p=botanica-forestique,,not_verified,false,not_verified,verify_project_seller_terms_inventory_and_lead_rules,EXTRA_EN row.
PHK-P-23e78843af1a,27,botanica-prestige,Botanica Prestige,Botanica Luxury Phuket,Botanica Luxury Villas / AAP,existing_seed_mapping,high,unknown,not_verified,unknown,Чернг Талай,villa,existing_seed,https://www.botanicaluxuryvilla.com/,,ru/wegc-catalog-data.js,market,/ru/podbor.html?project=botanica-prestige,,not_verified,false,not_verified,verify_project_seller_terms_inventory_and_lead_rules,EXTRA_EN row.
PHK-P-74d23ecb4dac,28,botanica-montazure,Botanica MontAzure,Botanica Luxury Phuket,Botanica Luxury Villas / AAP,existing_seed_mapping,high,unknown,not_verified,unknown,Чернг Талай,villa,existing_seed,https://www.botanicaluxuryvilla.com/,,ru/wegc-catalog-data.js,market,/ru/zhk.html?p=botanica-montazure,,not_verified,false,not_verified,verify_project_seller_terms_inventory_and_lead_rules,EXTRA_EN row; project name contains MontAzure but raw developer is Botanica in generator.
PHK-P-18e29b7206af,29,botanica-sky-valley,Botanica Sky Valley,Botanica Luxury Phuket,Botanica Luxury Villas / AAP,existing_seed_mapping,high,unknown,not_verified,unknown,Чернг Талай,villa,existing_seed,https://www.botanicaluxuryvilla.com/,,ru/wegc-catalog-data.js,market,/ru/zhk.html?p=botanica-sky-valley,,not_verified,false,not_verified,verify_project_seller_terms_inventory_and_lead_rules,EXTRA_EN row.
PHK-P-5b1d9691c5a2,30,botanica-wisdom,Botanica Wisdom,Botanica Luxury Phuket,Botanica Luxury Villas / AAP,existing_seed_mapping,high,unknown,not_verified,unknown,Чернг Талай,villa,existing_seed,https://www.botanicaluxuryvilla.com/,,ru/wegc-catalog-data.js,market,/ru/zhk.html?p=botanica-wisdom,,not_verified,false,not_verified,verify_project_seller_terms_inventory_and_lead_rules,EXTRA_EN row.
PHK-P-ff8aa10c30da,31,rhea-by-sansiri,Rhea by Sansiri,Sansiri,Sansiri PCL,existing_seed_mapping,high,unknown,not_verified,unknown,Сурин,condo,existing_seed,https://sansiri.com/,,ru/wegc-catalog-data.js,market,/ru/zhk.html?p=rhea-by-sansiri,,not_verified,false,not_verified,verify_project_seller_terms_inventory_and_lead_rules,EXTRA_EN row.
PHK-P-0b9bcd5be306,32,so-origin-lagoon,So Origin Lagoon,Origin PCL,Origin Property PCL,existing_seed_mapping,high,unknown,not_verified,unknown,Чернг Талай,condo,existing_seed,https://origin.co.th/,,ru/wegc-catalog-data.js,market,/ru/zhk.html?p=so-origin-lagoon,,not_verified,false,not_verified,verify_project_seller_terms_inventory_and_lead_rules,EXTRA_EN row.
PHK-P-489f0d4f663b,33,origin-residences-bangtao,Origin Residences Bangtao,Origin PCL,Origin Property PCL,existing_seed_mapping,high,unknown,not_verified,unknown,Банг Тао,condo,existing_seed,https://origin.co.th/,,ru/wegc-catalog-data.js,market,/ru/zhk.html?p=origin-residences-bangtao,,not_verified,false,not_verified,verify_project_seller_terms_inventory_and_lead_rules,EXTRA_EN row.
PHK-P-23359dbe8ac7,34,so-origin-kata,SO Origin Kata,Origin PCL,Origin Property PCL,existing_seed_mapping,high,unknown,not_verified,unknown,Ката · Карон,condo,existing_seed,https://origin.co.th/,,ru/wegc-catalog-data.js,market,/ru/zhk.html?p=so-origin-kata,,not_verified,false,not_verified,verify_project_seller_terms_inventory_and_lead_rules,EXTRA_EN row.
PHK-P-01dcb751c1f8,35,the-base-cherngtalay,The Base Cherngtalay,Sansiri,Sansiri PCL,existing_seed_mapping,high,unknown,not_verified,unknown,Чернг Талай,condo,existing_seed,https://sansiri.com/,,ru/wegc-catalog-data.js,market,/ru/zhk.html?p=the-base-cherngtalay,,not_verified,false,not_verified,verify_project_seller_terms_inventory_and_lead_rules,EXTRA_EN row.
PHK-P-98c792b7b6aa,36,the-base-rise,The Base Rise,Sansiri,Sansiri PCL,existing_seed_mapping,high,unknown,not_verified,unknown,Патонг,condo,existing_seed,https://sansiri.com/,,ru/wegc-catalog-data.js,market,/ru/zhk.html?p=the-base-rise,,not_verified,false,not_verified,verify_project_seller_terms_inventory_and_lead_rules,EXTRA_EN row.
PHK-P-fdd84bc62218,37,laguna-bayside,Laguna Bayside,Banyan Group Residences,Banyan / Laguna residences,existing_seed_mapping,high,unknown,not_verified,unknown,Чернг Талай,condo,existing_seed,https://banyangroupresidences.com/; https://www.lagunaphuket.com/,,ru/wegc-catalog-data.js,market,/ru/zhk.html?p=laguna-bayside,,not_verified,false,not_verified,verify_project_seller_terms_inventory_and_lead_rules,EXTRA_EN row; exact seller entity must be resolved.
PHK-P-253d0aef09e9,38,laguna-lakeside,Laguna Lakeside,Laguna Property,Banyan / Laguna residences,existing_seed_mapping,high,unknown,not_verified,unknown,Банг Тао,condo,existing_seed,https://banyangroupresidences.com/; https://www.lagunaphuket.com/,,ru/wegc-catalog-data.js,market,/ru/zhk.html?p=laguna-lakeside,,not_verified,false,not_verified,verify_project_seller_terms_inventory_and_lead_rules,EXTRA_EN row; operational developer alias.
PHK-P-0ff7aeaddfae,39,cassia-phuket,Cassia Phuket,Banyan Group,Banyan / Laguna residences,existing_seed_mapping,high,unknown,not_verified,unknown,Банг Тао,condo,existing_seed,https://banyangroupresidences.com/; https://www.lagunaphuket.com/,,ru/wegc-catalog-data.js,market,/ru/zhk.html?p=cassia-phuket,,not_verified,false,not_verified,verify_project_seller_terms_inventory_and_lead_rules,EXTRA_EN row; brand/operator vs seller must be separated.
PHK-P-1ac0b5b299d1,40,angsana-oceanview-residences,Angsana Oceanview Residences,Banyan Group / Laguna,Banyan / Laguna residences,existing_seed_mapping,high,unknown,not_verified,unknown,Банг Тао,condo,existing_seed,https://banyangroupresidences.com/; https://www.lagunaphuket.com/,,ru/wegc-catalog-data.js,market,/ru/zhk.html?p=angsana-oceanview-residences,,not_verified,false,not_verified,verify_project_seller_terms_inventory_and_lead_rules,EXTRA_EN row; exact seller entity required.
PHK-P-214c1ba7929e,41,banyan-tree-beach-residences-oceanus,Banyan Tree Beach Residences Oceanus,Laguna Property,Banyan / Laguna residences,existing_seed_mapping,high,unknown,not_verified,unknown,Банг Тао,condo,existing_seed,https://banyangroupresidences.com/; https://www.lagunaphuket.com/,,ru/wegc-catalog-data.js,market,/ru/zhk.html?p=banyan-tree-beach-residences-oceanus,,not_verified,false,not_verified,verify_project_seller_terms_inventory_and_lead_rules,EXTRA_EN row; exact seller entity required.
PHK-P-7085e9b7f0dd,42,andamanda-phuket,Andamanda Phuket,Andamanda,Andamanda,existing_seed_mapping,medium,unknown,not_verified,unknown,Май Кхао,condo,existing_seed,,,ru/wegc-catalog-data.js,market,/ru/podbor.html?project=andamanda-phuket,,not_verified,false,not_verified,verify_project_seller_terms_inventory_and_lead_rules,EXTRA_EN row; group/legal seller requires primary-source verification.
PHK-P-07e9209d5613,43,the-zero-bang-tao,The Zero Bang Tao,The Zero,The Zero Phuket / Zero Developments,existing_seed_mapping,high,unknown,not_verified,unknown,Банг Тао,condo,existing_seed,https://thezerophuket.com/,,ru/wegc-catalog-data.js,market,/ru/podbor.html?project=the-zero-bang-tao,,not_verified,false,not_verified,verify_project_seller_terms_inventory_and_lead_rules,EXTRA_EN row.
PHK-P-e4ee7ec36a25,44,the-zero-nai-yang,The Zero Nai Yang,The Zero,The Zero Phuket / Zero Developments,existing_seed_mapping,high,unknown,not_verified,unknown,Най Янг,condo,existing_seed,https://thezerophuket.com/,,ru/wegc-catalog-data.js,market,/ru/podbor.html?project=the-zero-nai-yang,,not_verified,false,not_verified,verify_project_seller_terms_inventory_and_lead_rules,EXTRA_EN row.
PHK-P-262239dce48c,45,silhouette-by-the-zero,Silhouette by The Zero,The Zero,The Zero Phuket / Zero Developments,existing_seed_mapping,high,unknown,not_verified,unknown,Най Янг,condo,existing_seed,https://thezerophuket.com/,,ru/wegc-catalog-data.js,market,/ru/podbor.html?project=silhouette-by-the-zero,,not_verified,false,not_verified,verify_project_seller_terms_inventory_and_lead_rules,EXTRA_EN row.
PHK-P-904a1a3a0325,46,6-avenyu,6 Авеню,по запросу,unknown,unresolved,unknown,unknown,not_verified,unknown,Сурин,condo,catalog_generator_candidate,,,ru/wegc-catalog-data.js,market,/ru/podbor.html?project=6-avenyu,,not_verified,false,not_verified,resolve_project_and_family_before_commercial_verification,Preserved source index; generator may infer group/district/type from project wording. Not current inventory.
PHK-P-d8e2faec4cc8,47,8-atele,8 Ателье,по запросу,unknown,unresolved,unknown,unknown,not_verified,unknown,Банг Тао,condo,catalog_generator_candidate,,,ru/wegc-catalog-data.js,market,/ru/podbor.html?project=8-atele,,not_verified,false,not_verified,resolve_project_and_family_before_commercial_verification,Preserved source index; generator may infer group/district/type from project wording. Not current inventory.
PHK-P-6cc3594c44fd,48,arise-vaib-kondominium,Arise Вайб Кондоминиум,по запросу,unknown,unresolved,unknown,unknown,not_verified,unknown,Банг Тао,condo,catalog_generator_candidate,,,ru/wegc-catalog-data.js,market,/ru/podbor.html?project=arise-vaib-kondominium,,not_verified,false,not_verified,resolve_project_and_family_before_commercial_verification,Preserved source index; generator may infer group/district/type from project wording. Not current inventory.
PHK-P-6fad6ee372dc,49,base-cherngtalei,Base Чернгталей,Sansiri,Sansiri PCL,generator_alias_candidate,low,unknown,not_verified,unknown,Чернг Талай,condo,catalog_generator_candidate,https://sansiri.com/,,ru/wegc-catalog-data.js,market,/ru/podbor.html?project=base-cherngtalei,,not_verified,false,not_verified,resolve_project_and_family_before_commercial_verification,Preserved source index; generator may infer group/district/type from project wording. Not current inventory.
PHK-P-496ad64f8fe8,50,bliss-hideaway-rawai,Bliss Hideaway Rawai,по запросу,unknown,unresolved,unknown,unknown,not_verified,unknown,Раваи,condo,catalog_generator_candidate,,,ru/wegc-catalog-data.js,market,/ru/podbor.html?project=bliss-hideaway-rawai,,not_verified,false,not_verified,resolve_project_and_family_before_commercial_verification,Preserved source index; generator may infer group/district/type from project wording. Not current inventory.
PHK-P-25818b2285be,51,canraiz-garden,Cанрайз Гарден,по запросу,unknown,unresolved,unknown,unknown,not_verified,unknown,Банг Тао,condo,catalog_generator_candidate,,,ru/wegc-catalog-data.js,market,/ru/podbor.html?project=canraiz-garden,,not_verified,false,not_verified,resolve_project_and_family_before_commercial_verification,Preserved source index; generator may infer group/district/type from project wording. Not current inventory.
PHK-P-fd9bcd1ad410,52,grand-view-residences-lagoon,Grand View Residences Lagoon,по запросу,unknown,unresolved,unknown,unknown,not_verified,unknown,Банг Тао,condo,catalog_generator_candidate,,,ru/wegc-catalog-data.js,market,/ru/podbor.html?project=grand-view-residences-lagoon,,not_verified,false,not_verified,resolve_project_and_family_before_commercial_verification,Preserved source index; generator may infer group/district/type from project wording. Not current inventory.
PHK-P-93a2a56e6fc3,53,qabalah-villas,Qabalah виллас,по запросу,unknown,unresolved,unknown,unknown,not_verified,unknown,Банг Тао,villa,catalog_generator_candidate,,,ru/wegc-catalog-data.js,market,/ru/podbor.html?project=qabalah-villas,,not_verified,false,not_verified,resolve_project_and_family_before_commercial_verification,Preserved source index; generator may infer group/district/type from project wording. Not current inventory.
PHK-P-270859c24be0,54,avana-laksheri-villas,Авана Лакшери Виллас,по запросу,unknown,unresolved,unknown,unknown,not_verified,unknown,Лаян,villa,catalog_generator_candidate,,,ru/wegc-catalog-data.js,market,/ru/podbor.html?project=avana-laksheri-villas,,not_verified,false,not_verified,resolve_project_and_family_before_commercial_verification,Preserved source index; generator may infer group/district/type from project wording. Not current inventory.
PHK-P-e263548b8bcd,55,aziya-baan-villa,Азия Баан Вилла,по запросу,unknown,unresolved,unknown,unknown,not_verified,unknown,Банг Тао,villa,catalog_generator_candidate,,,ru/wegc-catalog-data.js,market,/ru/podbor.html?project=aziya-baan-villa,,not_verified,false,not_verified,resolve_project_and_family_before_commercial_verification,Preserved source index; generator may infer group/district/type from project wording. Not current inventory.
PHK-P-ada4c187761f,56,ailin-villas,Айлин Виллас,Aileen,Aileen,generator_alias_candidate,low,unknown,not_verified,unknown,Най Янг,villa,catalog_generator_candidate,,,ru/wegc-catalog-data.js,market,/ru/podbor.html?project=ailin-villas,,not_verified,false,not_verified,resolve_project_and_family_before_commercial_verification,Preserved source index; generator may infer group/district/type from project wording. Not current inventory.
PHK-P-92c48ea5576b,57,ailin-villas-6-faza,Айлин Виллас 6 фаза,Aileen,Aileen,generator_alias_candidate,low,unknown,not_verified,unknown,Найтон,villa,catalog_generator_candidate,,,ru/wegc-catalog-data.js,market,/ru/podbor.html?project=ailin-villas-6-faza,,not_verified,false,not_verified,resolve_project_and_family_before_commercial_verification,Preserved source index; generator may infer group/district/type from project wording. Not current inventory.
PHK-P-4b317f9aae67,58,ailin-villas-vtoraya-faza,Айлин Виллас вторая фаза,Aileen,Aileen,generator_alias_candidate,low,unknown,not_verified,unknown,Найтон,villa,catalog_generator_candidate,,,ru/wegc-catalog-data.js,market,/ru/podbor.html?project=ailin-villas-vtoraya-faza,,not_verified,false,not_verified,resolve_project_and_family_before_commercial_verification,Preserved source index; generator may infer group/district/type from project wording. Not current inventory.
PHK-P-52e3b2aa66f3,59,ailin-villas-ravaii,Айлин Виллас Равайи,Aileen,Aileen,generator_alias_candidate,low,unknown,not_verified,unknown,Раваи,villa,catalog_generator_candidate,,,ru/wegc-catalog-data.js,market,/ru/podbor.html?project=ailin-villas-ravaii,,not_verified,false,not_verified,resolve_project_and_family_before_commercial_verification,Preserved source index; generator may infer group/district/type from project wording. Not current inventory.
PHK-P-e83514bc1b01,60,ailin-rezidens-bangtao,Айлин Резиденс Бангтао,Aileen,Aileen,generator_alias_candidate,low,unknown,not_verified,unknown,Банг Тао,condo,catalog_generator_candidate,,,ru/wegc-catalog-data.js,market,/ru/podbor.html?project=ailin-rezidens-bangtao,,not_verified,false,not_verified,resolve_project_and_family_before_commercial_verification,Preserved source index; generator may infer group/district/type from project wording. Not current inventory.
PHK-P-ec749ef12acd,61,ailin-rezidens-lagun,Айлин Резиденс Лагун,Aileen,Aileen,generator_alias_candidate,low,unknown,not_verified,unknown,Банг Тао,condo,catalog_generator_candidate,,,ru/wegc-catalog-data.js,market,/ru/podbor.html?project=ailin-rezidens-lagun,,not_verified,false,not_verified,resolve_project_and_family_before_commercial_verification,Preserved source index; generator may infer group/district/type from project wording. Not current inventory.
PHK-P-89898a5894a9,62,ailend-kollekshn,Айлэнд Коллекшн,по запросу,unknown,unresolved,unknown,unknown,not_verified,unknown,Банг Тао,condo,catalog_generator_candidate,,,ru/wegc-catalog-data.js,market,/ru/podbor.html?project=ailend-kollekshn,,not_verified,false,not_verified,resolve_project_and_family_before_commercial_verification,Preserved source index; generator may infer group/district/type from project wording. Not current inventory.
PHK-P-016b84073b62,63,akara-pul-villa,Акара Пул Вилла,по запросу,unknown,unresolved,unknown,unknown,not_verified,unknown,Найтон,villa,catalog_generator_candidate,,,ru/wegc-catalog-data.js,market,/ru/podbor.html?project=akara-pul-villa,,not_verified,false,not_verified,resolve_project_and_family_before_commercial_verification,Preserved source index; generator may infer group/district/type from project wording. Not current inventory.
PHK-P-8ae92868ec15,64,akva-villas,Аква Виллас,по запросу,unknown,unresolved,unknown,unknown,not_verified,unknown,Раваи,villa,catalog_generator_candidate,,,ru/wegc-catalog-data.js,market,/ru/podbor.html?project=akva-villas,,not_verified,false,not_verified,resolve_project_and_family_before_commercial_verification,Preserved source index; generator may infer group/district/type from project wording. Not current inventory.
PHK-P-5beb6e8457cb,65,akella,Акелла,по запросу,unknown,unresolved,unknown,unknown,not_verified,unknown,Пхукет,condo,catalog_generator_candidate,,,ru/wegc-catalog-data.js,market,/ru/podbor.html?project=akella,,not_verified,false,not_verified,resolve_project_and_family_before_commercial_verification,Preserved source index; generator may infer group/district/type from project wording. Not current inventory.
PHK-P-713183cd82d4,66,akra,Акра,по запросу,unknown,unresolved,unknown,unknown,not_verified,unknown,Лаян,condo,catalog_generator_candidate,,,ru/wegc-catalog-data.js,market,/ru/podbor.html?project=akra,,not_verified,false,not_verified,resolve_project_and_family_before_commercial_verification,Preserved source index; generator may infer group/district/type from project wording. Not current inventory.
PHK-P-39c44032c1f2,67,akra-vtoraya-faza,Акра Вторая Фаза,по запросу,unknown,unresolved,unknown,unknown,not_verified,unknown,Лаян,condo,catalog_generator_candidate,,,ru/wegc-catalog-data.js,market,/ru/podbor.html?project=akra-vtoraya-faza,,not_verified,false,not_verified,resolve_project_and_family_before_commercial_verification,Preserved source index; generator may infer group/district/type from project wording. Not current inventory.
PHK-P-4fad620348fb,68,aktsenta-phuket,Акцента Пхукет,по запросу,unknown,unresolved,unknown,unknown,not_verified,unknown,Ката · Карон,condo,catalog_generator_candidate,,,ru/wegc-catalog-data.js,market,/ru/podbor.html?project=aktsenta-phuket,,not_verified,false,not_verified,resolve_project_and_family_before_commercial_verification,Preserved source index; generator may infer group/district/type from project wording. Not current inventory.
PHK-P-ea7e9fe055e1,69,alinda-villas,Алинда Виллас,по запросу,unknown,unresolved,unknown,unknown,not_verified,unknown,Банг Тао,villa,catalog_generator_candidate,,,ru/wegc-catalog-data.js,market,/ru/podbor.html?project=alinda-villas,,not_verified,false,not_verified,resolve_project_and_family_before_commercial_verification,Preserved source index; generator may infer group/district/type from project wording. Not current inventory.
PHK-P-12045d9c3152,70,alisa-pul-villa,Алиса Пул Вилла,по запросу,unknown,unresolved,unknown,unknown,not_verified,unknown,Банг Тао,villa,catalog_generator_candidate,,,ru/wegc-catalog-data.js,market,/ru/podbor.html?project=alisa-pul-villa,,not_verified,false,not_verified,resolve_project_and_family_before_commercial_verification,Preserved source index; generator may infer group/district/type from project wording. Not current inventory.
PHK-P-ae393322e67a,71,alisha-siavyu,Алиша Сиавью,по запросу,unknown,unresolved,unknown,unknown,not_verified,unknown,Пхукет,condo,catalog_generator_candidate,,,ru/wegc-catalog-data.js,market,/ru/podbor.html?project=alisha-siavyu,,not_verified,false,not_verified,resolve_project_and_family_before_commercial_verification,Preserved source index; generator may infer group/district/type from project wording. Not current inventory.
PHK-P-96cb9315ad78,72,allamanda-1,Алламанда 1,по запросу,unknown,unresolved,unknown,unknown,not_verified,unknown,Банг Тао,condo,catalog_generator_candidate,,,ru/wegc-catalog-data.js,market,/ru/podbor.html?project=allamanda-1,,not_verified,false,not_verified,resolve_project_and_family_before_commercial_verification,Preserved source index; generator may infer group/district/type from project wording. Not current inventory.
PHK-P-b6999ab9ff44,73,allamanda-2-i-3,Алламанда 2 и 3,по запросу,unknown,unresolved,unknown,unknown,not_verified,unknown,Банг Тао,condo,catalog_generator_candidate,,,ru/wegc-catalog-data.js,market,/ru/podbor.html?project=allamanda-2-i-3,,not_verified,false,not_verified,resolve_project_and_family_before_commercial_verification,Preserved source index; generator may infer group/district/type from project wording. Not current inventory.
PHK-P-752f853a9be6,74,alltai-viladzh,Аллтай Виладж,по запросу,unknown,unresolved,unknown,unknown,not_verified,unknown,Май Кхао,condo,catalog_generator_candidate,,,ru/wegc-catalog-data.js,market,/ru/podbor.html?project=alltai-viladzh,,not_verified,false,not_verified,resolve_project_and_family_before_commercial_verification,Preserved source index; generator may infer group/district/type from project wording. Not current inventory.
PHK-P-07ce6804a70a,75,amanpuri,Аманпури,по запросу,unknown,unresolved,unknown,unknown,not_verified,unknown,Сурин,condo,catalog_generator_candidate,,,ru/wegc-catalog-data.js,market,/ru/podbor.html?project=amanpuri,,not_verified,false,not_verified,resolve_project_and_family_before_commercial_verification,Preserved source index; generator may infer group/district/type from project wording. Not current inventory.
PHK-P-0257449eb153,76,amber-butik-villa,Амбер Бутик Вилла,по запросу,unknown,unresolved,unknown,unknown,not_verified,unknown,Ката · Карон,villa,catalog_generator_candidate,,,ru/wegc-catalog-data.js,market,/ru/podbor.html?project=amber-butik-villa,,not_verified,false,not_verified,resolve_project_and_family_before_commercial_verification,Preserved source index; generator may infer group/district/type from project wording. Not current inventory.
PHK-P-cf1258fdfb75,77,amber-chamber,Амбер Чамбер,по запросу,unknown,unresolved,unknown,unknown,not_verified,unknown,Банг Тао,condo,catalog_generator_candidate,,,ru/wegc-catalog-data.js,market,/ru/podbor.html?project=amber-chamber,,not_verified,false,not_verified,resolve_project_and_family_before_commercial_verification,Preserved source index; generator may infer group/district/type from project wording. Not current inventory.
PHK-P-277aed5aa2fb,78,amin-pul-villas,Амин Пул Виллас,по запросу,unknown,unresolved,unknown,unknown,not_verified,unknown,Банг Тао,villa,catalog_generator_candidate,,,ru/wegc-catalog-data.js,market,/ru/podbor.html?project=amin-pul-villas,,not_verified,false,not_verified,resolve_project_and_family_before_commercial_verification,Preserved source index; generator may infer group/district/type from project wording. Not current inventory.
PHK-P-776ff8542ead,79,ananda-leik-vyu,Ананда Лейк Вью,по запросу,unknown,unresolved,unknown,unknown,not_verified,unknown,Банг Тао,condo,catalog_generator_candidate,,,ru/wegc-catalog-data.js,market,/ru/podbor.html?project=ananda-leik-vyu,,not_verified,false,not_verified,resolve_project_and_family_before_commercial_verification,Preserved source index; generator may infer group/district/type from project wording. Not current inventory.
PHK-P-5a326bc894fa,80,anantara-laiyan,Анантара Лайян,по запросу,unknown,unresolved,unknown,unknown,not_verified,unknown,Лаян,condo,catalog_generator_candidate,,,ru/wegc-catalog-data.js,market,/ru/podbor.html?project=anantara-laiyan,,not_verified,false,not_verified,resolve_project_and_family_before_commercial_verification,Preserved source index; generator may infer group/district/type from project wording. Not current inventory.
PHK-P-8fadba2a58f7,81,anasiri-paklok,Анасири Паклок,по запросу,unknown,unresolved,unknown,unknown,not_verified,unknown,Мыс Яму,condo,catalog_generator_candidate,,,ru/wegc-catalog-data.js,market,/ru/podbor.html?project=anasiri-paklok,,not_verified,false,not_verified,resolve_project_and_family_before_commercial_verification,Preserved source index; generator may infer group/district/type from project wording. Not current inventory.
PHK-P-bdcee0456347,82,angsana-bichfront,Ангсана Бичфронт,Laguna / Banyan,unknown,unmapped_raw_developer_candidate,unknown,unknown,not_verified,unknown,Банг Тао,condo,catalog_generator_candidate,,,ru/wegc-catalog-data.js,market,/ru/podbor.html?project=angsana-bichfront,,not_verified,false,not_verified,resolve_project_and_family_before_commercial_verification,Preserved source index; generator may infer group/district/type from project wording. Not current inventory.
PHK-P-b4376d69a310,83,angsana-villas-rezort,Ангсана Виллас Резорт,Laguna / Banyan,unknown,unmapped_raw_developer_candidate,unknown,unknown,not_verified,unknown,Банг Тао,villa,catalog_generator_candidate,,,ru/wegc-catalog-data.js,market,/ru/podbor.html?project=angsana-villas-rezort,,not_verified,false,not_verified,resolve_project_and_family_before_commercial_verification,Preserved source index; generator may infer group/district/type from project wording. Not current inventory.
PHK-P-3d38a0442cd8,84,angsana-golf-rezidens-topaz,Ангсана Гольф Резиденс Топаз,Laguna / Banyan,unknown,unmapped_raw_developer_candidate,unknown,unknown,not_verified,unknown,Банг Тао,condo,catalog_generator_candidate,,,ru/wegc-catalog-data.js,market,/ru/podbor.html?project=angsana-golf-rezidens-topaz,,not_verified,false,not_verified,resolve_project_and_family_before_commercial_verification,Preserved source index; generator may infer group/district/type from project wording. Not current inventory.
PHK-P-bbb3980cefeb,85,angsana-oushenvyu,Ангсана Оушенвью,Laguna / Banyan,unknown,unmapped_raw_developer_candidate,unknown,unknown,not_verified,unknown,Банг Тао,condo,catalog_generator_candidate,,,ru/wegc-catalog-data.js,market,/ru/zhk.html?p=angsana-oushenvyu,,not_verified,false,not_verified,resolve_project_and_family_before_commercial_verification,Preserved source index; generator may infer group/district/type from project wording. Not current inventory.
PHK-P-0d822c090dd0,86,andamaiya,Андамайя,по запросу,unknown,unresolved,unknown,unknown,not_verified,unknown,Сурин,condo,catalog_generator_candidate,,,ru/wegc-catalog-data.js,market,/ru/podbor.html?project=andamaiya,,not_verified,false,not_verified,resolve_project_and_family_before_commercial_verification,Preserved source index; generator may infer group/district/type from project wording. Not current inventory.
PHK-P-fd925038f613,87,andaman-rivera,Андаман Ривьера,по запросу,unknown,unresolved,unknown,unknown,not_verified,unknown,Банг Тао,condo,catalog_generator_candidate,,,ru/wegc-catalog-data.js,market,/ru/podbor.html?project=andaman-rivera,,not_verified,false,not_verified,resolve_project_and_family_before_commercial_verification,Preserved source index; generator may infer group/district/type from project wording. Not current inventory.
PHK-P-871dcbea0878,88,andara,Андара,по запросу,unknown,unresolved,unknown,unknown,not_verified,unknown,Камала,condo,catalog_generator_candidate,,,ru/wegc-catalog-data.js,market,/ru/podbor.html?project=andara,,not_verified,false,not_verified,resolve_project_and_family_before_commercial_verification,Preserved source index; generator may infer group/district/type from project wording. Not current inventory.
PHK-P-0103c0ac45e4,89,andara-rezidens,Андара Резиденс,по запросу,unknown,unresolved,unknown,unknown,not_verified,unknown,Камала,condo,catalog_generator_candidate,,,ru/wegc-catalog-data.js,market,/ru/podbor.html?project=andara-rezidens,,not_verified,false,not_verified,resolve_project_and_family_before_commercial_verification,Preserved source index; generator may infer group/district/type from project wording. Not current inventory.
PHK-P-1ebaedf9cb6c,90,annara-rezidens,Аннара Резиденс,по запросу,unknown,unresolved,unknown,unknown,not_verified,unknown,Банг Тао,condo,catalog_generator_candidate,,,ru/wegc-catalog-data.js,market,/ru/podbor.html?project=annara-rezidens,,not_verified,false,not_verified,resolve_project_and_family_before_commercial_verification,Preserved source index; generator may infer group/district/type from project wording. Not current inventory.
PHK-P-ab7972863c3a,91,ansaya,Ансая,по запросу,unknown,unresolved,unknown,unknown,not_verified,unknown,Банг Тао,condo,catalog_generator_candidate,,,ru/wegc-catalog-data.js,market,/ru/podbor.html?project=ansaya,,not_verified,false,not_verified,resolve_project_and_family_before_commercial_verification,Preserved source index; generator may infer group/district/type from project wording. Not current inventory.
PHK-P-dd3393727b1e,92,anchan-1-i-2,Анчан 1 и 2,Anchan,Anchan Villas / Pearl Island Property,generator_alias_candidate,low,unknown,not_verified,unknown,Банг Тао,condo,catalog_generator_candidate,https://anchanvillas.com/,,ru/wegc-catalog-data.js,market,/ru/podbor.html?project=anchan-1-i-2,,not_verified,false,not_verified,resolve_project_and_family_before_commercial_verification,Preserved source index; generator may infer group/district/type from project wording. Not current inventory.
PHK-P-ec64b218cdcc,93,anchan-3,Анчан 3,Anchan,Anchan Villas / Pearl Island Property,generator_alias_candidate,low,unknown,not_verified,unknown,Банг Тао,condo,catalog_generator_candidate,https://anchanvillas.com/,,ru/wegc-catalog-data.js,market,/ru/podbor.html?project=anchan-3,,not_verified,false,not_verified,resolve_project_and_family_before_commercial_verification,Preserved source index; generator may infer group/district/type from project wording. Not current inventory.
PHK-P-b66e10067c47,94,anchan-burgundi,Анчан Бургунди,Anchan,Anchan Villas / Pearl Island Property,generator_alias_candidate,low,unknown,not_verified,unknown,Банг Тао,condo,catalog_generator_candidate,https://anchanvillas.com/,,ru/wegc-catalog-data.js,market,/ru/podbor.html?project=anchan-burgundi,,not_verified,false,not_verified,resolve_project_and_family_before_commercial_verification,Preserved source index; generator may infer group/district/type from project wording. Not current inventory.
PHK-P-03603cab3b50,95,anchan-grand-rezidens,Анчан Гранд Резиденс,Anchan,Anchan Villas / Pearl Island Property,generator_alias_candidate,low,unknown,not_verified,unknown,Банг Тао,condo,catalog_generator_candidate,https://anchanvillas.com/,,ru/wegc-catalog-data.js,market,/ru/podbor.html?project=anchan-grand-rezidens,,not_verified,false,not_verified,resolve_project_and_family_before_commercial_verification,Preserved source index; generator may infer group/district/type from project wording. Not current inventory.
PHK-P-260850418d00,96,anchan-indigo,Анчан Индиго,Anchan,Anchan Villas / Pearl Island Property,generator_alias_candidate,low,unknown,not_verified,unknown,Банг Тао,condo,catalog_generator_candidate,https://anchanvillas.com/,,ru/wegc-catalog-data.js,market,/ru/podbor.html?project=anchan-indigo,,not_verified,false,not_verified,resolve_project_and_family_before_commercial_verification,Preserved source index; generator may infer group/district/type from project wording. Not current inventory.
PHK-P-2a490fb0bf49,97,anchan-lagun,Анчан Лагун,Anchan,Anchan Villas / Pearl Island Property,generator_alias_candidate,low,unknown,not_verified,unknown,Банг Тао,condo,catalog_generator_candidate,https://anchanvillas.com/,,ru/wegc-catalog-data.js,market,/ru/podbor.html?project=anchan-lagun,,not_verified,false,not_verified,resolve_project_and_family_before_commercial_verification,Preserved source index; generator may infer group/district/type from project wording. Not current inventory.
PHK-P-df211e0ff4f0,98,anchan-mauntein-briz,Анчан Маунтейн Бриз,Anchan,Anchan Villas / Pearl Island Property,generator_alias_candidate,low,unknown,not_verified,unknown,Лаян,condo,catalog_generator_candidate,https://anchanvillas.com/,,ru/wegc-catalog-data.js,market,/ru/podbor.html?project=anchan-mauntein-briz,,not_verified,false,not_verified,resolve_project_and_family_before_commercial_verification,Preserved source index; generator may infer group/district/type from project wording. Not current inventory.
PHK-P-970b60cfaa16,99,anchan-sanskeip,Анчан Санскейп,Anchan,Anchan Villas / Pearl Island Property,generator_alias_candidate,low,unknown,not_verified,unknown,Най Янг,condo,catalog_generator_candidate,https://anchanvillas.com/,,ru/wegc-catalog-data.js,market,/ru/podbor.html?project=anchan-sanskeip,,not_verified,false,not_verified,resolve_project_and_family_before_commercial_verification,Preserved source index; generator may infer group/district/type from project wording. Not current inventory.
PHK-P-ed6b4764bd23,100,anchan-tropikana,Анчан Тропикана,Anchan,Anchan Villas / Pearl Island Property,generator_alias_candidate,low,unknown,not_verified,unknown,Банг Тао,condo,catalog_generator_candidate,https://anchanvillas.com/,,ru/wegc-catalog-data.js,market,/ru/podbor.html?project=anchan-tropikana,,not_verified,false,not_verified,resolve_project_and_family_before_commercial_verification,Preserved source index; generator may infer group/district/type from project wording. Not current inventory.
PHK-P-131981d6fa8e,101,anchan-flora,Анчан Флора,Anchan,Anchan Villas / Pearl Island Property,generator_alias_candidate,low,unknown,not_verified,unknown,Банг Тао,condo,catalog_generator_candidate,https://anchanvillas.com/,,ru/wegc-catalog-data.js,market,/ru/podbor.html?project=anchan-flora,,not_verified,false,not_verified,resolve_project_and_family_before_commercial_verification,Preserved source index; generator may infer group/district/type from project wording. Not current inventory.
PHK-P-96de7889c460,102,anchan-hills,Анчан Хиллс,Anchan,Anchan Villas / Pearl Island Property,generator_alias_candidate,low,unknown,not_verified,unknown,Банг Тао,condo,catalog_generator_candidate,https://anchanvillas.com/,,ru/wegc-catalog-data.js,market,/ru/podbor.html?project=anchan-hills,,not_verified,false,not_verified,resolve_project_and_family_before_commercial_verification,Preserved source index; generator may infer group/district/type from project wording. Not current inventory.
PHK-P-78d66db5e15d,103,anchan-horizon,Анчан Хоризон,Anchan,Anchan Villas / Pearl Island Property,generator_alias_candidate,low,unknown,not_verified,unknown,Лаян,condo,catalog_generator_candidate,https://anchanvillas.com/,,ru/wegc-catalog-data.js,market,/ru/podbor.html?project=anchan-horizon,,not_verified,false,not_verified,resolve_project_and_family_before_commercial_verification,Preserved source index; generator may infer group/district/type from project wording. Not current inventory.
PHK-P-9a563b2e0e31,104,anchan-emerald,Анчан Эмеральд,Anchan,Anchan Villas / Pearl Island Property,generator_alias_candidate,low,unknown,not_verified,unknown,Най Янг,condo,catalog_generator_candidate,https://anchanvillas.com/,,ru/wegc-catalog-data.js,market,/ru/podbor.html?project=anchan-emerald,,not_verified,false,not_verified,resolve_project_and_family_before_commercial_verification,Preserved source index; generator may infer group/district/type from project wording. Not current inventory.
PHK-P-030063b2ce2b,105,ap-grand-rezidens,АП Гранд Резиденс,по запросу,unknown,unresolved,unknown,unknown,not_verified,unknown,Камала,condo,catalog_generator_candidate,,,ru/wegc-catalog-data.js,market,/ru/podbor.html?project=ap-grand-rezidens,,not_verified,false,not_verified,resolve_project_and_family_before_commercial_verification,Preserved source index; generator may infer group/district/type from project wording. Not current inventory.
PHK-P-be6615cbc733,106,areka-pul-villa,Арека Пул Вилла,по запросу,unknown,unresolved,unknown,unknown,not_verified,unknown,Банг Тао,villa,catalog_generator_candidate,,,ru/wegc-catalog-data.js,market,/ru/podbor.html?project=areka-pul-villa,,not_verified,false,not_verified,resolve_project_and_family_before_commercial_verification,Preserved source index; generator may infer group/district/type from project wording. Not current inventory.
PHK-P-31cc3511e1be,107,aristo,Аристо,по запросу,unknown,unresolved,unknown,unknown,not_verified,unknown,Сурин,condo,catalog_generator_candidate,,,ru/wegc-catalog-data.js,market,/ru/podbor.html?project=aristo,,not_verified,false,not_verified,resolve_project_and_family_before_commercial_verification,Preserved source index; generator may infer group/district/type from project wording. Not current inventory.
PHK-P-3163fb51aa43,108,aristo-2,Аристо 2,по запросу,unknown,unresolved,unknown,unknown,not_verified,unknown,Сурин,condo,catalog_generator_candidate,,,ru/wegc-catalog-data.js,market,/ru/podbor.html?project=aristo-2,,not_verified,false,not_verified,resolve_project_and_family_before_commercial_verification,Preserved source index; generator may infer group/district/type from project wording. Not current inventory.
PHK-P-c9a0b911fa8a,109,aristo-patong,Аристо Патонг,по запросу,unknown,unresolved,unknown,unknown,not_verified,unknown,Патонг,condo,catalog_generator_candidate,,,ru/wegc-catalog-data.js,market,/ru/podbor.html?project=aristo-patong,,not_verified,false,not_verified,resolve_project_and_family_before_commercial_verification,Preserved source index; generator may infer group/district/type from project wording. Not current inventory.
PHK-P-51d1146b10c2,110,aspasiya,Аспасия,по запросу,unknown,unresolved,unknown,unknown,not_verified,unknown,Ката · Карон,condo,catalog_generator_candidate,,,ru/wegc-catalog-data.js,market,/ru/podbor.html?project=aspasiya,,not_verified,false,not_verified,resolve_project_and_family_before_commercial_verification,Preserved source index; generator may infer group/district/type from project wording. Not current inventory.
PHK-P-7d8aa9ea7dfe,111,atika,Атика,по запросу,unknown,unresolved,unknown,unknown,not_verified,unknown,Патонг,condo,catalog_generator_candidate,,,ru/wegc-catalog-data.js,market,/ru/podbor.html?project=atika,,not_verified,false,not_verified,resolve_project_and_family_before_commercial_verification,Preserved source index; generator may infer group/district/type from project wording. Not current inventory.
PHK-P-a7f1934449db,112,aura-kondominium-ravai,Аура Кондоминиум Раваи,по запросу,unknown,unresolved,unknown,unknown,not_verified,unknown,Раваи,condo,catalog_generator_candidate,,,ru/wegc-catalog-data.js,market,/ru/podbor.html?project=aura-kondominium-ravai,,not_verified,false,not_verified,resolve_project_and_family_before_commercial_verification,Preserved source index; generator may infer group/district/type from project wording. Not current inventory.
PHK-P-ec8cd042df4d,113,ashira-villas,Ашира Виллас,по запросу,unknown,unresolved,unknown,unknown,not_verified,unknown,Банг Тао,villa,catalog_generator_candidate,,,ru/wegc-catalog-data.js,market,/ru/podbor.html?project=ashira-villas,,not_verified,false,not_verified,resolve_project_and_family_before_commercial_verification,Preserved source index; generator may infer group/district/type from project wording. Not current inventory.
PHK-P-503033588588,114,aela-palai,Аэла Палаи,по запросу,unknown,unresolved,unknown,unknown,not_verified,unknown,Чалонг,condo,catalog_generator_candidate,,,ru/wegc-catalog-data.js,market,/ru/podbor.html?project=aela-palai,,not_verified,false,not_verified,resolve_project_and_family_before_commercial_verification,Preserved source index; generator may infer group/district/type from project wording. Not current inventory.
PHK-P-e47455258e81,115,aelita,Аэлита,по запросу,unknown,unresolved,unknown,unknown,not_verified,unknown,Банг Тао,condo,catalog_generator_candidate,,,ru/wegc-catalog-data.js,market,/ru/podbor.html?project=aelita,,not_verified,false,not_verified,resolve_project_and_family_before_commercial_verification,Preserved source index; generator may infer group/district/type from project wording. Not current inventory.
PHK-P-ca7b8ac7b832,116,ayana-villa,Аяна Вилла,по запросу,unknown,unresolved,unknown,unknown,not_verified,unknown,Лаян,villa,catalog_generator_candidate,,,ru/wegc-catalog-data.js,market,/ru/podbor.html?project=ayana-villa,,not_verified,false,not_verified,resolve_project_and_family_before_commercial_verification,Preserved source index; generator may infer group/district/type from project wording. Not current inventory.
PHK-P-3c223d2af49c,117,ayana-haits-sivyu-rezidens,Аяна Хайтс Сивью Резиденс,по запросу,unknown,unresolved,unknown,unknown,not_verified,unknown,Банг Тао,condo,catalog_generator_candidate,,,ru/wegc-catalog-data.js,market,/ru/podbor.html?project=ayana-haits-sivyu-rezidens,,not_verified,false,not_verified,resolve_project_and_family_before_commercial_verification,Preserved source index; generator may infer group/district/type from project wording. Not current inventory.
PHK-P-fb0343812207,118,ayara-surin,Аяра Сурин,по запросу,unknown,unresolved,unknown,unknown,not_verified,unknown,Сурин,condo,catalog_generator_candidate,,,ru/wegc-catalog-data.js,market,/ru/podbor.html?project=ayara-surin,,not_verified,false,not_verified,resolve_project_and_family_before_commercial_verification,Preserved source index; generator may infer group/district/type from project wording. Not current inventory.
PHK-P-0a3064825ac1,119,baan-bua,Баан Буа,по запросу,unknown,unresolved,unknown,unknown,not_verified,unknown,Най Харн,condo,catalog_generator_candidate,,,ru/wegc-catalog-data.js,market,/ru/podbor.html?project=baan-bua,,not_verified,false,not_verified,resolve_project_and_family_before_commercial_verification,Preserved source index; generator may infer group/district/type from project wording. Not current inventory.
PHK-P-635031525378,120,baan-vana,Баан Вана,по запросу,unknown,unresolved,unknown,unknown,not_verified,unknown,Банг Тао,condo,catalog_generator_candidate,,,ru/wegc-catalog-data.js,market,/ru/podbor.html?project=baan-vana,,not_verified,false,not_verified,resolve_project_and_family_before_commercial_verification,Preserved source index; generator may infer group/district/type from project wording. Not current inventory.
PHK-P-5e043f171253,121,baan-maikao,Баан Майкао,по запросу,unknown,unresolved,unknown,unknown,not_verified,unknown,Май Кхао,condo,catalog_generator_candidate,,,ru/wegc-catalog-data.js,market,/ru/podbor.html?project=baan-maikao,,not_verified,false,not_verified,resolve_project_and_family_before_commercial_verification,Preserved source index; generator may infer group/district/type from project wording. Not current inventory.
PHK-P-7b67d6f04076,122,baan-mandala-villas,Баан Мандала Виллас,по запросу,unknown,unresolved,unknown,unknown,not_verified,unknown,Банг Тао,villa,catalog_generator_candidate,,,ru/wegc-catalog-data.js,market,/ru/podbor.html?project=baan-mandala-villas,,not_verified,false,not_verified,resolve_project_and_family_before_commercial_verification,Preserved source index; generator may infer group/district/type from project wording. Not current inventory.
PHK-P-b78a46493db0,123,baan-maprao,Баан Мапрао,по запросу,unknown,unresolved,unknown,unknown,not_verified,unknown,Мыс Яму,condo,catalog_generator_candidate,,,ru/wegc-catalog-data.js,market,/ru/podbor.html?project=baan-maprao,,not_verified,false,not_verified,resolve_project_and_family_before_commercial_verification,Preserved source index; generator may infer group/district/type from project wording. Not current inventory.
PHK-P-bcab723d6c2d,124,baan-puri,Баан Пури,по запросу,unknown,unresolved,unknown,unknown,not_verified,unknown,Сурин,condo,catalog_generator_candidate,,,ru/wegc-catalog-data.js,market,/ru/podbor.html?project=baan-puri,,not_verified,false,not_verified,resolve_project_and_family_before_commercial_verification,Preserved source index; generator may infer group/district/type from project wording. Not current inventory.
PHK-P-2cf5ab1bb830,125,baan-tai-surin-gardens,Баан Тай Сурин Гарденс,по запросу,unknown,unresolved,unknown,unknown,not_verified,unknown,Сурин,condo,catalog_generator_candidate,,,ru/wegc-catalog-data.js,market,/ru/podbor.html?project=baan-tai-surin-gardens,,not_verified,false,not_verified,resolve_project_and_family_before_commercial_verification,Preserved source index; generator may infer group/district/type from project wording. Not current inventory.
PHK-P-abba3b780a1b,126,baan-tai-surin-hill,Баан Тай Сурин Хилл,по запросу,unknown,unresolved,unknown,unknown,not_verified,unknown,Сурин,condo,catalog_generator_candidate,,,ru/wegc-catalog-data.js,market,/ru/podbor.html?project=baan-tai-surin-hill,,not_verified,false,not_verified,resolve_project_and_family_before_commercial_verification,Preserved source index; generator may infer group/district/type from project wording. Not current inventory.
PHK-P-fad001679678,127,baan-chai-nam,Баан Чай Нам,по запросу,unknown,unresolved,unknown,unknown,not_verified,unknown,Сурин,condo,catalog_generator_candidate,,,ru/wegc-catalog-data.js,market,/ru/podbor.html?project=baan-chai-nam,,not_verified,false,not_verified,resolve_project_and_family_before_commercial_verification,Preserved source index; generator may infer group/district/type from project wording. Not current inventory.
PHK-P-522257cb3b26,128,baan-yamu,Баан Яму,по запросу,unknown,unresolved,unknown,unknown,not_verified,unknown,Мыс Яму,condo,catalog_generator_candidate,,,ru/wegc-catalog-data.js,market,/ru/podbor.html?project=baan-yamu,,not_verified,false,not_verified,resolve_project_and_family_before_commercial_verification,Preserved source index; generator may infer group/district/type from project wording. Not current inventory.
PHK-P-676dd70eda85,129,baba-bich-klab,Баба Бич Клаб,по запросу,unknown,unresolved,unknown,unknown,not_verified,unknown,Пхукет,condo,catalog_generator_candidate,,,ru/wegc-catalog-data.js,market,/ru/podbor.html?project=baba-bich-klab,,not_verified,false,not_verified,resolve_project_and_family_before_commercial_verification,Preserved source index; generator may infer group/district/type from project wording. Not current inventory.
PHK-P-fa508fb7fa78,130,bai-ze-leik,Бай Зе Лэйк,по запросу,unknown,unresolved,unknown,unknown,not_verified,unknown,Най Харн,condo,catalog_generator_candidate,,,ru/wegc-catalog-data.js,market,/ru/podbor.html?project=bai-ze-leik,,not_verified,false,not_verified,resolve_project_and_family_before_commercial_verification,Preserved source index; generator may infer group/district/type from project wording. Not current inventory.
PHK-P-7c3de9c88a35,131,balko,Балко,по запросу,unknown,unresolved,unknown,unknown,not_verified,unknown,Банг Тао,condo,catalog_generator_candidate,,,ru/wegc-catalog-data.js,market,/ru/podbor.html?project=balko,,not_verified,false,not_verified,resolve_project_and_family_before_commercial_verification,Preserved source index; generator may infer group/district/type from project wording. Not current inventory.
PHK-P-5e6e52141ba2,132,bambu-forest,Бамбу Форест,по запросу,unknown,unresolved,unknown,unknown,not_verified,unknown,Лаян,condo,catalog_generator_candidate,,,ru/wegc-catalog-data.js,market,/ru/podbor.html?project=bambu-forest,,not_verified,false,not_verified,resolve_project_and_family_before_commercial_verification,Preserved source index; generator may infer group/district/type from project wording. Not current inventory.
PHK-P-f2648a28566a,133,bangtao-bich-gardens,Бангтао Бич Гарденс,по запросу,unknown,unresolved,unknown,unknown,not_verified,unknown,Банг Тао,condo,catalog_generator_candidate,,,ru/wegc-catalog-data.js,market,/ru/podbor.html?project=bangtao-bich-gardens,,not_verified,false,not_verified,resolve_project_and_family_before_commercial_verification,Preserved source index; generator may infer group/district/type from project wording. Not current inventory.
PHK-P-bfdd3d625670,134,bangtao-tropikal-rezidens,Бангтао Тропикал Резиденс,по запросу,unknown,unresolved,unknown,unknown,not_verified,unknown,Банг Тао,condo,catalog_generator_candidate,,,ru/wegc-catalog-data.js,market,/ru/podbor.html?project=bangtao-tropikal-rezidens,,not_verified,false,not_verified,resolve_project_and_family_before_commercial_verification,Preserved source index; generator may infer group/district/type from project wording. Not current inventory.
PHK-P-2a6c5525b4a9,135,bandali-sisaid-esteit,Бандали Сисайд Эстейт,по запросу,unknown,unresolved,unknown,unknown,not_verified,unknown,Банг Тао,condo,catalog_generator_candidate,,,ru/wegc-catalog-data.js,market,/ru/podbor.html?project=bandali-sisaid-esteit,,not_verified,false,not_verified,resolve_project_and_family_before_commercial_verification,Preserved source index; generator may infer group/district/type from project wording. Not current inventory.
PHK-P-75a446f67cb7,136,banyan-tri-bich-rezidens,Баньян Три Бич Резиденс,Laguna / Banyan,unknown,unmapped_raw_developer_candidate,unknown,unknown,not_verified,unknown,Банг Тао,condo,catalog_generator_candidate,,,ru/wegc-catalog-data.js,market,/ru/podbor.html?project=banyan-tri-bich-rezidens,,not_verified,false,not_verified,resolve_project_and_family_before_commercial_verification,Preserved source index; generator may infer group/district/type from project wording. Not current inventory.
PHK-P-889d39d196e9,137,banyan-tri-grand-rezidens-oushnfront-villas,Баньян Три Гранд Резиденс Оушнфронт Виллас,Laguna / Banyan,unknown,unmapped_raw_developer_candidate,unknown,unknown,not_verified,unknown,Банг Тао,villa,catalog_generator_candidate,,,ru/wegc-catalog-data.js,market,/ru/podbor.html?project=banyan-tri-grand-rezidens-oushnfront-villas,,not_verified,false,not_verified,resolve_project_and_family_before_commercial_verification,Preserved source index; generator may infer group/district/type from project wording. Not current inventory.
PHK-P-520ba8801826,138,banyan-tri-grand-rezidenses,Баньян Три Гранд Резиденсес,Laguna / Banyan,unknown,unmapped_raw_developer_candidate,unknown,unknown,not_verified,unknown,Банг Тао,condo,catalog_generator_candidate,,,ru/wegc-catalog-data.js,market,/ru/podbor.html?project=banyan-tri-grand-rezidenses,,not_verified,false,not_verified,resolve_project_and_family_before_commercial_verification,Preserved source index; generator may infer group/district/type from project wording. Not current inventory.
PHK-P-515f6421177d,139,banyan-tri-okeanus,Баньян Три Океанус,Laguna / Banyan,unknown,unmapped_raw_developer_candidate,unknown,unknown,not_verified,unknown,Банг Тао,condo,catalog_generator_candidate,,,ru/wegc-catalog-data.js,market,/ru/zhk.html?p=banyan-tri-okeanus,,not_verified,false,not_verified,resolve_project_and_family_before_commercial_verification,Preserved source index; generator may infer group/district/type from project wording. Not current inventory.
PHK-P-e4747f300e4c,140,banyan-tri-sivyu-rezidens,Баньян Три Сивью Резиденс,Laguna / Banyan,unknown,unmapped_raw_developer_candidate,unknown,unknown,not_verified,unknown,Банг Тао,condo,catalog_generator_candidate,,,ru/wegc-catalog-data.js,market,/ru/podbor.html?project=banyan-tri-sivyu-rezidens,,not_verified,false,not_verified,resolve_project_and_family_before_commercial_verification,Preserved source index; generator may infer group/district/type from project wording. Not current inventory.
PHK-P-1b4a17af6744,141,banyan-tri-terras,Баньян Три Террас,Laguna / Banyan,unknown,unmapped_raw_developer_candidate,unknown,unknown,not_verified,unknown,Банг Тао,condo,catalog_generator_candidate,,,ru/wegc-catalog-data.js,market,/ru/podbor.html?project=banyan-tri-terras,,not_verified,false,not_verified,resolve_project_and_family_before_commercial_verification,Preserved source index; generator may infer group/district/type from project wording. Not current inventory.
PHK-P-88004887f5a0,142,bel-vyu-lagun,Бель Вю Лагун,по запросу,unknown,unresolved,unknown,unknown,not_verified,unknown,Банг Тао,condo,catalog_generator_candidate,,,ru/wegc-catalog-data.js,market,/ru/podbor.html?project=bel-vyu-lagun,,not_verified,false,not_verified,resolve_project_and_family_before_commercial_verification,Preserved source index; generator may infer group/district/type from project wording. Not current inventory.
PHK-P-6849b2690600,143,belvyu-bichfront,Бельвю Бичфронт,по запросу,unknown,unresolved,unknown,unknown,not_verified,unknown,Банг Тао,condo,catalog_generator_candidate,,,ru/wegc-catalog-data.js,market,/ru/podbor.html?project=belvyu-bichfront,,not_verified,false,not_verified,resolve_project_and_family_before_commercial_verification,Preserved source index; generator may infer group/district/type from project wording. Not current inventory.
PHK-P-29555b65d8d5,144,bichfront-blis,Бичфронт Блис,по запросу,unknown,unresolved,unknown,unknown,not_verified,unknown,Най Янг,condo,catalog_generator_candidate,,,ru/wegc-catalog-data.js,market,/ru/podbor.html?project=bichfront-blis,,not_verified,false,not_verified,resolve_project_and_family_before_commercial_verification,Preserved source index; generator may infer group/district/type from project wording. Not current inventory.
PHK-P-9388dabf6940,145,blyupoint-kondos,Блюпойнт Кондос,по запросу,unknown,unresolved,unknown,unknown,not_verified,unknown,Патонг,condo,catalog_generator_candidate,,,ru/wegc-catalog-data.js,market,/ru/podbor.html?project=blyupoint-kondos,,not_verified,false,not_verified,resolve_project_and_family_before_commercial_verification,Preserved source index; generator may infer group/district/type from project wording. Not current inventory.
PHK-P-92d85879f2c3,146,botanika-bangtao-bich,Ботаника Бангтао Бич,Botanica Luxury Phuket,Botanica Luxury Villas / AAP,generator_alias_candidate,low,unknown,not_verified,unknown,Банг Тао,condo,catalog_generator_candidate,https://www.botanicaluxuryvilla.com/,,ru/wegc-catalog-data.js,market,/ru/podbor.html?project=botanika-bangtao-bich,,not_verified,false,not_verified,resolve_project_and_family_before_commercial_verification,Preserved source index; generator may infer group/district/type from project wording. Not current inventory.
PHK-P-e519f6a0fa69,147,botanika-grand-avenyu,Ботаника Гранд Авеню,Botanica Luxury Phuket,Botanica Luxury Villas / AAP,generator_alias_candidate,low,unknown,not_verified,unknown,Банг Тао,condo,catalog_generator_candidate,https://www.botanicaluxuryvilla.com/,,ru/wegc-catalog-data.js,market,/ru/zhk.html?p=botanika-grand-avenyu,,not_verified,false,not_verified,resolve_project_and_family_before_commercial_verification,Preserved source index; generator may infer group/district/type from project wording. Not current inventory.
PHK-P-63de4884ea53,148,botanika-ze-valei,Ботаника Зе Валей,Botanica Luxury Phuket,Botanica Luxury Villas / AAP,generator_alias_candidate,low,unknown,not_verified,unknown,Банг Тао,condo,catalog_generator_candidate,https://www.botanicaluxuryvilla.com/,,ru/wegc-catalog-data.js,market,/ru/podbor.html?project=botanika-ze-valei,,not_verified,false,not_verified,resolve_project_and_family_before_commercial_verification,Preserved source index; generator may infer group/district/type from project wording. Not current inventory.
PHK-P-05d40ed793bb,149,botanika-ze-neicher,Ботаника Зе Нэйчер,Botanica Luxury Phuket,Botanica Luxury Villas / AAP,generator_alias_candidate,low,unknown,not_verified,unknown,Банг Тао,condo,catalog_generator_candidate,https://www.botanicaluxuryvilla.com/,,ru/wegc-catalog-data.js,market,/ru/podbor.html?project=botanika-ze-neicher,,not_verified,false,not_verified,resolve_project_and_family_before_commercial_verification,Preserved source index; generator may infer group/district/type from project wording. Not current inventory.
PHK-P-1910a7f52aa3,150,botanika-laksheri,Ботаника Лакшери,Botanica Luxury Phuket,Botanica Luxury Villas / AAP,generator_alias_candidate,low,unknown,not_verified,unknown,Банг Тао,condo,catalog_generator_candidate,https://www.botanicaluxuryvilla.com/,,ru/wegc-catalog-data.js,market,/ru/podbor.html?project=botanika-laksheri,,not_verified,false,not_verified,resolve_project_and_family_before_commercial_verification,Preserved source index; generator may infer group/district/type from project wording. Not current inventory.
PHK-P-5a7ce8462bb1,151,botanika-leiksaid,Ботаника Лейксайд,Botanica Luxury Phuket,Botanica Luxury Villas / AAP,generator_alias_candidate,low,unknown,not_verified,unknown,Банг Тао,condo,catalog_generator_candidate,https://www.botanicaluxuryvilla.com/,,ru/wegc-catalog-data.js,market,/ru/zhk.html?p=botanika-leiksaid,,not_verified,false,not_verified,resolve_project_and_family_before_commercial_verification,Preserved source index; generator may infer group/district/type from project wording. Not current inventory.
PHK-P-12b3834cb3ff,152,botanika-leiksaid-ii,Ботаника Лейксайд II,Botanica Luxury Phuket,Botanica Luxury Villas / AAP,generator_alias_candidate,low,unknown,not_verified,unknown,Лаян,condo,catalog_generator_candidate,https://www.botanicaluxuryvilla.com/,,ru/wegc-catalog-data.js,market,/ru/zhk.html?p=botanika-leiksaid-ii,,not_verified,false,not_verified,resolve_project_and_family_before_commercial_verification,Preserved source index; generator may infer group/district/type from project wording. Not current inventory.
PHK-P-8024e50b7697,153,botanika-modern-loft,Ботаника Модерн Лофт,Botanica Luxury Phuket,Botanica Luxury Villas / AAP,generator_alias_candidate,low,unknown,not_verified,unknown,Банг Тао,condo,catalog_generator_candidate,https://www.botanicaluxuryvilla.com/,,ru/wegc-catalog-data.js,market,/ru/zhk.html?p=botanika-modern-loft,,not_verified,false,not_verified,resolve_project_and_family_before_commercial_verification,Preserved source index; generator may infer group/district/type from project wording. Not current inventory.
PHK-P-bc9519351f80,154,botanika-modern-loft-ii,Ботаника Модерн Лофт II,Botanica Luxury Phuket,Botanica Luxury Villas / AAP,generator_alias_candidate,low,unknown,not_verified,unknown,Банг Тао,condo,catalog_generator_candidate,https://www.botanicaluxuryvilla.com/,,ru/wegc-catalog-data.js,market,/ru/zhk.html?p=botanika-modern-loft-ii,,not_verified,false,not_verified,resolve_project_and_family_before_commercial_verification,Preserved source index; generator may infer group/district/type from project wording. Not current inventory.
PHK-P-223613ac349e,155,botanika-montazur,Ботаника Монтазур,Botanica Luxury Phuket,Botanica Luxury Villas / AAP,generator_alias_candidate,low,unknown,not_verified,unknown,Камала,condo,catalog_generator_candidate,https://www.botanicaluxuryvilla.com/,,ru/wegc-catalog-data.js,market,/ru/zhk.html?p=botanika-montazur,,not_verified,false,not_verified,resolve_project_and_family_before_commercial_verification,Preserved source index; generator may infer group/district/type from project wording. Not current inventory.
PHK-P-6bf9aa86a803,156,botanika-prestizh,Ботаника Престиж,Botanica Luxury Phuket,Botanica Luxury Villas / AAP,generator_alias_candidate,low,unknown,not_verified,unknown,Лаян,condo,catalog_generator_candidate,https://www.botanicaluxuryvilla.com/,,ru/wegc-catalog-data.js,market,/ru/podbor.html?project=botanika-prestizh,,not_verified,false,not_verified,resolve_project_and_family_before_commercial_verification,Preserved source index; generator may infer group/district/type from project wording. Not current inventory.
PHK-P-61646cbaae7b,157,botanika-pru-dzhampa,Ботаника Пру Джампа,Botanica Luxury Phuket,Botanica Luxury Villas / AAP,generator_alias_candidate,low,unknown,not_verified,unknown,Банг Тао,condo,catalog_generator_candidate,https://www.botanicaluxuryvilla.com/,,ru/wegc-catalog-data.js,market,/ru/zhk.html?p=botanika-pru-dzhampa,,not_verified,false,not_verified,resolve_project_and_family_before_commercial_verification,Preserved source index; generator may infer group/district/type from project wording. Not current inventory.
PHK-P-1c36aab05dcd,158,botanika-skai-vallei,Ботаника Скай Валлей,Botanica Luxury Phuket,Botanica Luxury Villas / AAP,generator_alias_candidate,low,unknown,not_verified,unknown,Банг Тао,condo,catalog_generator_candidate,https://www.botanicaluxuryvilla.com/,,ru/wegc-catalog-data.js,market,/ru/zhk.html?p=botanika-skai-vallei,,not_verified,false,not_verified,resolve_project_and_family_before_commercial_verification,Preserved source index; generator may infer group/district/type from project wording. Not current inventory.
PHK-P-555628d44686,159,botanika-tonino-oushen-valli,Ботаника Тонино Оушен Валли,Botanica Luxury Phuket,Botanica Luxury Villas / AAP,generator_alias_candidate,low,unknown,not_verified,unknown,Банг Тао,condo,catalog_generator_candidate,https://www.botanicaluxuryvilla.com/,,ru/wegc-catalog-data.js,market,/ru/podbor.html?project=botanika-tonino-oushen-valli,,not_verified,false,not_verified,resolve_project_and_family_before_commercial_verification,Preserved source index; generator may infer group/district/type from project wording. Not current inventory.
PHK-P-12b8cf9286d9,160,botanika-faza-2,Ботаника Фаза 2,Botanica Luxury Phuket,Botanica Luxury Villas / AAP,generator_alias_candidate,low,unknown,not_verified,unknown,Банг Тао,condo,catalog_generator_candidate,https://www.botanicaluxuryvilla.com/,,ru/wegc-catalog-data.js,market,/ru/podbor.html?project=botanika-faza-2,,not_verified,false,not_verified,resolve_project_and_family_before_commercial_verification,Preserved source index; generator may infer group/district/type from project wording. Not current inventory.
PHK-P-43a8f76856a7,161,botanika-faza-4,Ботаника Фаза 4,Botanica Luxury Phuket,Botanica Luxury Villas / AAP,generator_alias_candidate,low,unknown,not_verified,unknown,Банг Тао,condo,catalog_generator_candidate,https://www.botanicaluxuryvilla.com/,,ru/wegc-catalog-data.js,market,/ru/podbor.html?project=botanika-faza-4,,not_verified,false,not_verified,resolve_project_and_family_before_commercial_verification,Preserved source index; generator may infer group/district/type from project wording. Not current inventory.
PHK-P-7cc59100c6d8,162,botanika-foresta,Ботаника Фореста,Botanica Luxury Phuket,Botanica Luxury Villas / AAP,generator_alias_candidate,low,unknown,not_verified,unknown,Банг Тао,condo,catalog_generator_candidate,https://www.botanicaluxuryvilla.com/,,ru/wegc-catalog-data.js,market,/ru/zhk.html?p=botanika-foresta,,not_verified,false,not_verified,resolve_project_and_family_before_commercial_verification,Preserved source index; generator may infer group/district/type from project wording. Not current inventory.
PHK-P-11a0aa5fdfb6,163,botanika-foresta-2,Ботаника Фореста 2,Botanica Luxury Phuket,Botanica Luxury Villas / AAP,generator_alias_candidate,low,unknown,not_verified,unknown,Банг Тао,condo,catalog_generator_candidate,https://www.botanicaluxuryvilla.com/,,ru/wegc-catalog-data.js,market,/ru/zhk.html?p=botanika-foresta-2,,not_verified,false,not_verified,resolve_project_and_family_before_commercial_verification,Preserved source index; generator may infer group/district/type from project wording. Not current inventory.
PHK-P-941a5bb461da,164,botanika-forestik,Ботаника Форестик,Botanica Luxury Phuket,Botanica Luxury Villas / AAP,generator_alias_candidate,low,unknown,not_verified,unknown,Банг Тао,condo,catalog_generator_candidate,https://www.botanicaluxuryvilla.com/,,ru/wegc-catalog-data.js,market,/ru/zhk.html?p=botanika-forestik,,not_verified,false,not_verified,resolve_project_and_family_before_commercial_verification,Preserved source index; generator may infer group/district/type from project wording. Not current inventory.
PHK-P-6b9c21634f18,165,botanika-hait,Ботаника Хайт,Botanica Luxury Phuket,Botanica Luxury Villas / AAP,generator_alias_candidate,low,unknown,not_verified,unknown,Банг Тао,condo,catalog_generator_candidate,https://www.botanicaluxuryvilla.com/,,ru/wegc-catalog-data.js,market,/ru/zhk.html?p=botanika-hait,,not_verified,false,not_verified,resolve_project_and_family_before_commercial_verification,Preserved source index; generator may infer group/district/type from project wording. Not current inventory.
PHK-P-c04d390d8042,166,botanika-hillsaid,Ботаника Хиллсайд,Botanica Luxury Phuket,Botanica Luxury Villas / AAP,generator_alias_candidate,low,unknown,not_verified,unknown,Банг Тао,condo,catalog_generator_candidate,https://www.botanicaluxuryvilla.com/,,ru/wegc-catalog-data.js,market,/ru/podbor.html?project=botanika-hillsaid,,not_verified,false,not_verified,resolve_project_and_family_before_commercial_verification,Preserved source index; generator may infer group/district/type from project wording. Not current inventory.
PHK-P-2a732fd4f39f,167,botanika-chetyre-sezona,Ботаника Четыре Сезона,Botanica Luxury Phuket,Botanica Luxury Villas / AAP,generator_alias_candidate,low,unknown,not_verified,unknown,Банг Тао,condo,catalog_generator_candidate,https://www.botanicaluxuryvilla.com/,,ru/wegc-catalog-data.js,market,/ru/zhk.html?p=botanika-chetyre-sezona,,not_verified,false,not_verified,resolve_project_and_family_before_commercial_verification,Preserved source index; generator may infer group/district/type from project wording. Not current inventory.
PHK-P-6031a8ce97d8,168,bout-lagun,Боут Лагун,по запросу,unknown,unresolved,unknown,unknown,not_verified,unknown,Банг Тао,condo,catalog_generator_candidate,,,ru/wegc-catalog-data.js,market,/ru/podbor.html?project=bout-lagun,,not_verified,false,not_verified,resolve_project_and_family_before_commercial_verification,Preserved source index; generator may infer group/district/type from project wording. Not current inventory.
PHK-P-d867829714e3,169,briana-laksheri,Бриана Лакшери,по запросу,unknown,unresolved,unknown,unknown,not_verified,unknown,Най Харн,condo,catalog_generator_candidate,,,ru/wegc-catalog-data.js,market,/ru/podbor.html?project=briana-laksheri,,not_verified,false,not_verified,resolve_project_and_family_before_commercial_verification,Preserved source index; generator may infer group/district/type from project wording. Not current inventory.
PHK-P-09be9ed90777,170,briz-villas,Бриз Виллас,по запросу,unknown,unresolved,unknown,unknown,not_verified,unknown,Банг Тао,villa,catalog_generator_candidate,,,ru/wegc-catalog-data.js,market,/ru/podbor.html?project=briz-villas,,not_verified,false,not_verified,resolve_project_and_family_before_commercial_verification,Preserved source index; generator may infer group/district/type from project wording. Not current inventory.
PHK-P-412f950bcdfa,171,valai-layan-villas-phuket,Валай Лаян Виллас Пхукет,по запросу,unknown,unresolved,unknown,unknown,not_verified,unknown,Лаян,villa,catalog_generator_candidate,,,ru/wegc-catalog-data.js,market,/ru/podbor.html?project=valai-layan-villas-phuket,,not_verified,false,not_verified,resolve_project_and_family_before_commercial_verification,Preserved source index; generator may infer group/district/type from project wording. Not current inventory.
PHK-P-07733acfdab5,172,valaya-rezidens-naiharn,Валая Резиденс Найхарн,по запросу,unknown,unresolved,unknown,unknown,not_verified,unknown,Най Харн,condo,catalog_generator_candidate,,,ru/wegc-catalog-data.js,market,/ru/podbor.html?project=valaya-rezidens-naiharn,,not_verified,false,not_verified,resolve_project_and_family_before_commercial_verification,Preserved source index; generator may infer group/district/type from project wording. Not current inventory.
PHK-P-bc5ea3e80371,173,vallaiya-villas-leik-vyu,Валлайя Виллас Лэйк Вью,по запросу,unknown,unresolved,unknown,unknown,not_verified,unknown,Камала,villa,catalog_generator_candidate,,,ru/wegc-catalog-data.js,market,/ru/podbor.html?project=vallaiya-villas-leik-vyu,,not_verified,false,not_verified,resolve_project_and_family_before_commercial_verification,Preserved source index; generator may infer group/district/type from project wording. Not current inventory.
PHK-P-c210755eaa77,174,vallaya-villas-nest,Валлая Виллас Нест,по запросу,unknown,unresolved,unknown,unknown,not_verified,unknown,Банг Тао,villa,catalog_generator_candidate,,,ru/wegc-catalog-data.js,market,/ru/podbor.html?project=vallaya-villas-nest,,not_verified,false,not_verified,resolve_project_and_family_before_commercial_verification,Preserved source index; generator may infer group/district/type from project wording. Not current inventory.
PHK-P-9f05d0139eff,175,vallaya-element-2,Валлая Элемент 2,по запросу,unknown,unresolved,unknown,unknown,not_verified,unknown,Банг Тао,condo,catalog_generator_candidate,,,ru/wegc-catalog-data.js,market,/ru/podbor.html?project=vallaya-element-2,,not_verified,false,not_verified,resolve_project_and_family_before_commercial_verification,Preserved source index; generator may infer group/district/type from project wording. Not current inventory.
PHK-P-2e968127d850,176,vamdom-villas-ravai,Вамдом Виллас Раваи,по запросу,unknown,unresolved,unknown,unknown,not_verified,unknown,Раваи,villa,catalog_generator_candidate,,,ru/wegc-catalog-data.js,market,/ru/podbor.html?project=vamdom-villas-ravai,,not_verified,false,not_verified,resolve_project_and_family_before_commercial_verification,Preserved source index; generator may infer group/district/type from project wording. Not current inventory.
PHK-P-1fdd622b9f85,177,vana-anda,Вана Анда,по запросу,unknown,unresolved,unknown,unknown,not_verified,unknown,Банг Тао,condo,catalog_generator_candidate,,,ru/wegc-catalog-data.js,market,/ru/podbor.html?project=vana-anda,,not_verified,false,not_verified,resolve_project_and_family_before_commercial_verification,Preserved source index; generator may infer group/district/type from project wording. Not current inventory.
PHK-P-93d724ae7bc8,178,veila-natai,Вейла Натай,по запросу,unknown,unresolved,unknown,unknown,not_verified,unknown,Пхукет,condo,catalog_generator_candidate,,,ru/wegc-catalog-data.js,market,/ru/podbor.html?project=veila-natai,,not_verified,false,not_verified,resolve_project_and_family_before_commercial_verification,Preserved source index; generator may infer group/district/type from project wording. Not current inventory.
PHK-P-6e8dfd193bff,179,veranda-villas-syuts,Веранда Виллас & Сьютс,по запросу,unknown,unresolved,unknown,unknown,not_verified,unknown,Пхукет,villa,catalog_generator_candidate,,,ru/wegc-catalog-data.js,market,/ru/podbor.html?project=veranda-villas-syuts,,not_verified,false,not_verified,resolve_project_and_family_before_commercial_verification,Preserved source index; generator may infer group/district/type from project wording. Not current inventory.
PHK-P-2d912c95da50,180,verdana-pul-villa,Вердана Пул Вилла,по запросу,unknown,unresolved,unknown,unknown,not_verified,unknown,Найтон,villa,catalog_generator_candidate,,,ru/wegc-catalog-data.js,market,/ru/podbor.html?project=verdana-pul-villa,,not_verified,false,not_verified,resolve_project_and_family_before_commercial_verification,Preserved source index; generator may infer group/district/type from project wording. Not current inventory.
PHK-P-ae8cdc6ab15c,181,verdi-ii-kadens,Верди II Каденс,по запросу,unknown,unresolved,unknown,unknown,not_verified,unknown,Банг Тао,condo,catalog_generator_candidate,,,ru/wegc-catalog-data.js,market,/ru/podbor.html?project=verdi-ii-kadens,,not_verified,false,not_verified,resolve_project_and_family_before_commercial_verification,Preserved source index; generator may infer group/district/type from project wording. Not current inventory.
PHK-P-a683165aeea1,182,vi-kata,Ви Ката,по запросу,unknown,unresolved,unknown,unknown,not_verified,unknown,Ката · Карон,condo,catalog_generator_candidate,,,ru/wegc-catalog-data.js,market,/ru/podbor.html?project=vi-kata,,not_verified,false,not_verified,resolve_project_and_family_before_commercial_verification,Preserved source index; generator may infer group/district/type from project wording. Not current inventory.
PHK-P-6da3576a5db8,183,vilavan-villas,Вилаван Виллас,по запросу,unknown,unresolved,unknown,unknown,not_verified,unknown,Най Янг,villa,catalog_generator_candidate,,,ru/wegc-catalog-data.js,market,/ru/podbor.html?project=vilavan-villas,,not_verified,false,not_verified,resolve_project_and_family_before_commercial_verification,Preserved source index; generator may infer group/district/type from project wording. Not current inventory.
PHK-P-c48e05e6bd10,184,villa-bambukovyi-sad,Вилла «Бамбуковый сад»,по запросу,unknown,unresolved,unknown,unknown,not_verified,unknown,Раваи,villa,catalog_generator_candidate,,,ru/wegc-catalog-data.js,market,/ru/podbor.html?project=villa-bambukovyi-sad,,not_verified,false,not_verified,resolve_project_and_family_before_commercial_verification,Preserved source index; generator may infer group/district/type from project wording. Not current inventory.
PHK-P-e40f7c0acb74,185,villa-vertika,Вилла Вертика,по запросу,unknown,unresolved,unknown,unknown,not_verified,unknown,Банг Тао,villa,catalog_generator_candidate,,,ru/wegc-catalog-data.js,market,/ru/podbor.html?project=villa-vertika,,not_verified,false,not_verified,resolve_project_and_family_before_commercial_verification,Preserved source index; generator may infer group/district/type from project wording. Not current inventory.
PHK-P-d28d2267c702,186,villa-zamani,Вилла Замани,по запросу,unknown,unresolved,unknown,unknown,not_verified,unknown,Сурин,villa,catalog_generator_candidate,,,ru/wegc-catalog-data.js,market,/ru/podbor.html?project=villa-zamani,,not_verified,false,not_verified,resolve_project_and_family_before_commercial_verification,Preserved source index; generator may infer group/district/type from project wording. Not current inventory.
PHK-P-5186effd2556,187,villa-kirara,Вилла Кирара,по запросу,unknown,unresolved,unknown,unknown,not_verified,unknown,Банг Тао,villa,catalog_generator_candidate,,,ru/wegc-catalog-data.js,market,/ru/podbor.html?project=villa-kirara,,not_verified,false,not_verified,resolve_project_and_family_before_commercial_verification,Preserved source index; generator may infer group/district/type from project wording. Not current inventory.
PHK-P-f0808ae6ca2a,188,villa-momo,Вилла Момо,по запросу,unknown,unresolved,unknown,unknown,not_verified,unknown,Ката · Карон,villa,catalog_generator_candidate,,,ru/wegc-catalog-data.js,market,/ru/podbor.html?project=villa-momo,,not_verified,false,not_verified,resolve_project_and_family_before_commercial_verification,Preserved source index; generator may infer group/district/type from project wording. Not current inventory.
PHK-P-4ff83a176989,189,villa-sanpao-ravai,Вилла Санпао Равай,по запросу,unknown,unresolved,unknown,unknown,not_verified,unknown,Раваи,villa,catalog_generator_candidate,,,ru/wegc-catalog-data.js,market,/ru/podbor.html?project=villa-sanpao-ravai,,not_verified,false,not_verified,resolve_project_and_family_before_commercial_verification,Preserved source index; generator may infer group/district/type from project wording. Not current inventory.
PHK-P-71479929c77d,190,villa-suksan-ravai,Вилла Суксан Равай,по запросу,unknown,unresolved,unknown,unknown,not_verified,unknown,Раваи,villa,catalog_generator_candidate,,,ru/wegc-catalog-data.js,market,/ru/podbor.html?project=villa-suksan-ravai,,not_verified,false,not_verified,resolve_project_and_family_before_commercial_verification,Preserved source index; generator may infer group/district/type from project wording. Not current inventory.
PHK-P-504ba0e98567,191,villa-surin,Вилла Сурин,по запросу,unknown,unresolved,unknown,unknown,not_verified,unknown,Сурин,villa,catalog_generator_candidate,,,ru/wegc-catalog-data.js,market,/ru/podbor.html?project=villa-surin,,not_verified,false,not_verified,resolve_project_and_family_before_commercial_verification,Preserved source index; generator may infer group/district/type from project wording. Not current inventory.
PHK-P-e02107963397,192,villa-estella,Вилла Эстелла,по запросу,unknown,unresolved,unknown,unknown,not_verified,unknown,Най Янг,villa,catalog_generator_candidate,,,ru/wegc-catalog-data.js,market,/ru/podbor.html?project=villa-estella,,not_verified,false,not_verified,resolve_project_and_family_before_commercial_verification,Preserved source index; generator may infer group/district/type from project wording. Not current inventory.
PHK-P-031dca9e85d8,193,villoft-zen-living,Виллофт Зен Ливинг,по запросу,unknown,unresolved,unknown,unknown,not_verified,unknown,Банг Тао,villa,catalog_generator_candidate,,,ru/wegc-catalog-data.js,market,/ru/podbor.html?project=villoft-zen-living,,not_verified,false,not_verified,resolve_project_and_family_before_commercial_verification,Preserved source index; generator may infer group/district/type from project wording. Not current inventory.
PHK-P-a448226a2517,194,villy-kokun,Виллы Кокун,по запросу,unknown,unresolved,unknown,unknown,not_verified,unknown,Най Янг,villa,catalog_generator_candidate,,,ru/wegc-catalog-data.js,market,/ru/podbor.html?project=villy-kokun,,not_verified,false,not_verified,resolve_project_and_family_before_commercial_verification,Preserved source index; generator may infer group/district/type from project wording. Not current inventory.
PHK-P-48efefd71593,195,vimanaya-rezidens,Виманая Резиденс,по запросу,unknown,unresolved,unknown,unknown,not_verified,unknown,Най Харн,condo,catalog_generator_candidate,,,ru/wegc-catalog-data.js,market,/ru/podbor.html?project=vimanaya-rezidens,,not_verified,false,not_verified,resolve_project_and_family_before_commercial_verification,Preserved source index; generator may infer group/district/type from project wording. Not current inventory.
PHK-P-fb12ad4fd479,196,vings,Вингс,по запросу,unknown,unresolved,unknown,unknown,not_verified,unknown,Банг Тао,condo,catalog_generator_candidate,,,ru/wegc-catalog-data.js,market,/ru/podbor.html?project=vings,,not_verified,false,not_verified,resolve_project_and_family_before_commercial_verification,Preserved source index; generator may infer group/district/type from project wording. Not current inventory.
PHK-P-7badce8b7a54,197,vindham-lya-vita,Виндхам Ля Вита,Wyndham,unknown,operator_brand_signal_only,low,unknown,not_verified,Wyndham-branded projects,Раваи,condo,catalog_generator_candidate,,,ru/wegc-catalog-data.js,market,/ru/podbor.html?project=vindham-lya-vita,,not_verified,false,not_verified,resolve_project_and_family_before_commercial_verification,Preserved source index; generator may infer group/district/type from project wording. Not current inventory.
PHK-P-c156c038ab64,198,vinzita,Винзита,по запросу,unknown,unresolved,unknown,unknown,not_verified,unknown,Банг Тао,condo,catalog_generator_candidate,,,ru/wegc-catalog-data.js,market,/ru/podbor.html?project=vinzita,,not_verified,false,not_verified,resolve_project_and_family_before_commercial_verification,Preserved source index; generator may infer group/district/type from project wording. Not current inventory.
PHK-P-5f33b5b7904d,199,vinn-laksheri-pasak,Винн Лакшери Пасак,по запросу,unknown,unresolved,unknown,unknown,not_verified,unknown,Банг Тао,condo,catalog_generator_candidate,,,ru/wegc-catalog-data.js,market,/ru/podbor.html?project=vinn-laksheri-pasak,,not_verified,false,not_verified,resolve_project_and_family_before_commercial_verification,Preserved source index; generator may infer group/district/type from project wording. Not current inventory.
PHK-P-e8f61c7e8b23,200,vip-greit-hill,Вип Грейт Хилл,по запросу,unknown,unresolved,unknown,unknown,not_verified,unknown,Най Янг,condo,catalog_generator_candidate,,,ru/wegc-catalog-data.js,market,/ru/podbor.html?project=vip-greit-hill,,not_verified,false,not_verified,resolve_project_and_family_before_commercial_verification,Preserved source index; generator may infer group/district/type from project wording. Not current inventory.
PHK-P-310e0cf1d46d,201,vip-geleksi,ВИП Гэлэкси,по запросу,unknown,unresolved,unknown,unknown,not_verified,unknown,Раваи,condo,catalog_generator_candidate,,,ru/wegc-catalog-data.js,market,/ru/podbor.html?project=vip-geleksi,,not_verified,false,not_verified,resolve_project_and_family_before_commercial_verification,Preserved source index; generator may infer group/district/type from project wording. Not current inventory.
PHK-P-890ae857efd5,202,vip-speis-odissei,Вип Спейс Одиссей,по запросу,unknown,unresolved,unknown,unknown,not_verified,unknown,Раваи,condo,catalog_generator_candidate,,,ru/wegc-catalog-data.js,market,/ru/podbor.html?project=vip-speis-odissei,,not_verified,false,not_verified,resolve_project_and_family_before_commercial_verification,Preserved source index; generator may infer group/district/type from project wording. Not current inventory.
PHK-P-5223abfe1c4a,203,vista-del-mar,Виста Дел Мар,по запросу,unknown,unresolved,unknown,unknown,not_verified,unknown,Найтон,condo,catalog_generator_candidate,,,ru/wegc-catalog-data.js,market,/ru/podbor.html?project=vista-del-mar,,not_verified,false,not_verified,resolve_project_and_family_before_commercial_verification,Preserved source index; generator may infer group/district/type from project wording. Not current inventory.
PHK-P-84e96cddea5e,204,vichuda-hills-esteit,Вичуда Хиллс Эстэйт,по запросу,unknown,unresolved,unknown,unknown,not_verified,unknown,Лаян,condo,catalog_generator_candidate,,,ru/wegc-catalog-data.js,market,/ru/podbor.html?project=vichuda-hills-esteit,,not_verified,false,not_verified,resolve_project_and_family_before_commercial_verification,Preserved source index; generator may infer group/district/type from project wording. Not current inventory.
PHK-P-c9a54a8390f5,205,vudlend,Вудленд,по запросу,unknown,unresolved,unknown,unknown,not_verified,unknown,Пхукет,condo,catalog_generator_candidate,,,ru/wegc-catalog-data.js,market,/ru/podbor.html?project=vudlend,,not_verified,false,not_verified,resolve_project_and_family_before_commercial_verification,Preserved source index; generator may infer group/district/type from project wording. Not current inventory.
PHK-P-fe33f950c736,206,garden-atlas,Гарден Атлас,по запросу,unknown,unresolved,unknown,unknown,not_verified,unknown,Банг Тао,condo,catalog_generator_candidate,,,ru/wegc-catalog-data.js,market,/ru/podbor.html?project=garden-atlas,,not_verified,false,not_verified,resolve_project_and_family_before_commercial_verification,Preserved source index; generator may infer group/district/type from project wording. Not current inventory.
PHK-P-e7a8f1c0cdf3,207,garden-villadzh,Гарден Вилладж,по запросу,unknown,unresolved,unknown,unknown,not_verified,unknown,Банг Тао,villa,catalog_generator_candidate,,,ru/wegc-catalog-data.js,market,/ru/podbor.html?project=garden-villadzh,,not_verified,false,not_verified,resolve_project_and_family_before_commercial_verification,Preserved source index; generator may infer group/district/type from project wording. Not current inventory.
PHK-P-8cbcc70628db,208,garden-vyu-villa,Гарден Вью Вилла,по запросу,unknown,unresolved,unknown,unknown,not_verified,unknown,Камала,villa,catalog_generator_candidate,,,ru/wegc-catalog-data.js,market,/ru/podbor.html?project=garden-vyu-villa,,not_verified,false,not_verified,resolve_project_and_family_before_commercial_verification,Preserved source index; generator may infer group/district/type from project wording. Not current inventory.
PHK-P-44a69c214fc9,209,gardens-eden,Гарденс Эден,по запросу,unknown,unresolved,unknown,unknown,not_verified,unknown,Банг Тао,condo,catalog_generator_candidate,,,ru/wegc-catalog-data.js,market,/ru/podbor.html?project=gardens-eden,,not_verified,false,not_verified,resolve_project_and_family_before_commercial_verification,Preserved source index; generator may infer group/district/type from project wording. Not current inventory.
PHK-P-442058699a3b,210,garmoni-villas-vallaya,Гармони Виллас Валлая,по запросу,unknown,unresolved,unknown,unknown,not_verified,unknown,Банг Тао,villa,catalog_generator_candidate,,,ru/wegc-catalog-data.js,market,/ru/podbor.html?project=garmoni-villas-vallaya,,not_verified,false,not_verified,resolve_project_and_family_before_commercial_verification,Preserved source index; generator may infer group/district/type from project wording. Not current inventory.
PHK-P-13008271256e,211,garriya,Гаррия,по запросу,unknown,unresolved,unknown,unknown,not_verified,unknown,Банг Тао,condo,catalog_generator_candidate,,,ru/wegc-catalog-data.js,market,/ru/podbor.html?project=garriya,,not_verified,false,not_verified,resolve_project_and_family_before_commercial_verification,Preserved source index; generator may infer group/district/type from project wording. Not current inventory.
PHK-P-c38c76cf75fa,212,genezis-villa,Генезис вилла,по запросу,unknown,unresolved,unknown,unknown,not_verified,unknown,Раваи,villa,catalog_generator_candidate,,,ru/wegc-catalog-data.js,market,/ru/podbor.html?project=genezis-villa,,not_verified,false,not_verified,resolve_project_and_family_before_commercial_verification,Preserved source index; generator may infer group/district/type from project wording. Not current inventory.
PHK-P-5a037f288954,213,gloria-villas,Глориа Виллас,по запросу,unknown,unresolved,unknown,unknown,not_verified,unknown,Банг Тао,villa,catalog_generator_candidate,,,ru/wegc-catalog-data.js,market,/ru/podbor.html?project=gloria-villas,,not_verified,false,not_verified,resolve_project_and_family_before_commercial_verification,Preserved source index; generator may infer group/district/type from project wording. Not current inventory.
PHK-P-db6810e5b5e9,214,glem-hebitat,Глэм Хэбитат,по запросу,unknown,unresolved,unknown,unknown,not_verified,unknown,Камала,condo,catalog_generator_candidate,,,ru/wegc-catalog-data.js,market,/ru/podbor.html?project=glem-hebitat,,not_verified,false,not_verified,resolve_project_and_family_before_commercial_verification,Preserved source index; generator may infer group/district/type from project wording. Not current inventory.
PHK-P-5e5494c05a14,215,gold-chariot,Голд Чариот,по запросу,unknown,unresolved,unknown,unknown,not_verified,unknown,Банг Тао,condo,catalog_generator_candidate,,,ru/wegc-catalog-data.js,market,/ru/podbor.html?project=gold-chariot,,not_verified,false,not_verified,resolve_project_and_family_before_commercial_verification,Preserved source index; generator may infer group/district/type from project wording. Not current inventory.
PHK-P-0939f748422c,216,golden-vil,Голден Виль,по запросу,unknown,unresolved,unknown,unknown,not_verified,unknown,Кату,condo,catalog_generator_candidate,,,ru/wegc-catalog-data.js,market,/ru/podbor.html?project=golden-vil,,not_verified,false,not_verified,resolve_project_and_family_before_commercial_verification,Preserved source index; generator may infer group/district/type from project wording. Not current inventory.
PHK-P-c19e8db24c7d,217,granari-villas,Гранари Виллас,по запросу,unknown,unresolved,unknown,unknown,not_verified,unknown,Банг Тао,villa,catalog_generator_candidate,,,ru/wegc-catalog-data.js,market,/ru/podbor.html?project=granari-villas,,not_verified,false,not_verified,resolve_project_and_family_before_commercial_verification,Preserved source index; generator may infer group/district/type from project wording. Not current inventory.
PHK-P-8f8e928292a3,218,grand-vest-sends,Гранд Вест Сендс,по запросу,unknown,unresolved,unknown,unknown,not_verified,unknown,Май Кхао,condo,catalog_generator_candidate,,,ru/wegc-catalog-data.js,market,/ru/podbor.html?project=grand-vest-sends,,not_verified,false,not_verified,resolve_project_and_family_before_commercial_verification,Preserved source index; generator may infer group/district/type from project wording. Not current inventory.
PHK-P-1c819dc143e0,219,grand-vyu-lagun,Гранд Вью Лагун,по запросу,unknown,unresolved,unknown,unknown,not_verified,unknown,Банг Тао,condo,catalog_generator_candidate,,,ru/wegc-catalog-data.js,market,/ru/podbor.html?project=grand-vyu-lagun,,not_verified,false,not_verified,resolve_project_and_family_before_commercial_verification,Preserved source index; generator may infer group/district/type from project wording. Not current inventory.
PHK-P-4748d5ce094e,220,grand-si-fru,Гранд Си Фру,по запросу,unknown,unresolved,unknown,unknown,not_verified,unknown,Раваи,condo,catalog_generator_candidate,,,ru/wegc-catalog-data.js,market,/ru/podbor.html?project=grand-si-fru,,not_verified,false,not_verified,resolve_project_and_family_before_commercial_verification,Preserved source index; generator may infer group/district/type from project wording. Not current inventory.
PHK-P-cb8240a91c54,221,grins-phuket-villas,Гринс Пхукет Виллас,по запросу,unknown,unresolved,unknown,unknown,not_verified,unknown,Раваи,villa,catalog_generator_candidate,,,ru/wegc-catalog-data.js,market,/ru/podbor.html?project=grins-phuket-villas,,not_verified,false,not_verified,resolve_project_and_family_before_commercial_verification,Preserved source index; generator may infer group/district/type from project wording. Not current inventory.
PHK-P-2a82b7e3bc4a,222,grov-gardens,Гров Гарденс,по запросу,unknown,unresolved,unknown,unknown,not_verified,unknown,Мыс Яму,condo,catalog_generator_candidate,,,ru/wegc-catalog-data.js,market,/ru/podbor.html?project=grov-gardens,,not_verified,false,not_verified,resolve_project_and_family_before_commercial_verification,Preserved source index; generator may infer group/district/type from project wording. Not current inventory.
PHK-P-0db3c743d5a0,223,d-kondo-kouv,Д Кондо Коув,по запросу,unknown,unresolved,unknown,unknown,not_verified,unknown,Кату,condo,catalog_generator_candidate,,,ru/wegc-catalog-data.js,market,/ru/podbor.html?project=d-kondo-kouv,,not_verified,false,not_verified,resolve_project_and_family_before_commercial_verification,Preserved source index; generator may infer group/district/type from project wording. Not current inventory.
PHK-P-eab5f4247411,224,daimond-villas,Даймонд Виллас,по запросу,unknown,unresolved,unknown,unknown,not_verified,unknown,Банг Тао,villa,catalog_generator_candidate,,,ru/wegc-catalog-data.js,market,/ru/podbor.html?project=daimond-villas,,not_verified,false,not_verified,resolve_project_and_family_before_commercial_verification,Preserved source index; generator may infer group/district/type from project wording. Not current inventory.
PHK-P-dcff50a97e5b,225,daimond-kondominium,Даймонд Кондоминиум,по запросу,unknown,unresolved,unknown,unknown,not_verified,unknown,Банг Тао,condo,catalog_generator_candidate,,,ru/wegc-catalog-data.js,market,/ru/podbor.html?project=daimond-kondominium,,not_verified,false,not_verified,resolve_project_and_family_before_commercial_verification,Preserved source index; generator may infer group/district/type from project wording. Not current inventory.
PHK-P-838f3a3da2fe,226,daimond-pul-villa,Даймонд Пул Вилла,по запросу,unknown,unresolved,unknown,unknown,not_verified,unknown,Банг Тао,villa,catalog_generator_candidate,,,ru/wegc-catalog-data.js,market,/ru/podbor.html?project=daimond-pul-villa,,not_verified,false,not_verified,resolve_project_and_family_before_commercial_verification,Preserved source index; generator may infer group/district/type from project wording. Not current inventory.
PHK-P-c3781904d000,227,daimond-tri-villa,Даймонд Три Вилла,по запросу,unknown,unresolved,unknown,unknown,not_verified,unknown,Банг Тао,villa,catalog_generator_candidate,,,ru/wegc-catalog-data.js,market,/ru/podbor.html?project=daimond-tri-villa,,not_verified,false,not_verified,resolve_project_and_family_before_commercial_verification,Preserved source index; generator may infer group/district/type from project wording. Not current inventory.
PHK-P-44e373856fb7,228,dallas-villa,Даллас вилла,по запросу,unknown,unresolved,unknown,unknown,not_verified,unknown,Най Харн,villa,catalog_generator_candidate,,,ru/wegc-catalog-data.js,market,/ru/podbor.html?project=dallas-villa,,not_verified,false,not_verified,resolve_project_and_family_before_commercial_verification,Preserved source index; generator may infer group/district/type from project wording. Not current inventory.
PHK-P-058182713109,229,dzhevels-villas,Джевелс Виллас,по запросу,unknown,unresolved,unknown,unknown,not_verified,unknown,Банг Тао,villa,catalog_generator_candidate,,,ru/wegc-catalog-data.js,market,/ru/podbor.html?project=dzhevels-villas,,not_verified,false,not_verified,resolve_project_and_family_before_commercial_verification,Preserved source index; generator may infer group/district/type from project wording. Not current inventory.
PHK-P-99a7de120323,230,dzhivana-bich-villas,Дживана Бич Виллас,по запросу,unknown,unresolved,unknown,unknown,not_verified,unknown,Пхукет,villa,catalog_generator_candidate,,,ru/wegc-catalog-data.js,market,/ru/podbor.html?project=dzhivana-bich-villas,,not_verified,false,not_verified,resolve_project_and_family_before_commercial_verification,Preserved source index; generator may infer group/district/type from project wording. Not current inventory.
PHK-P-c66edd460997,231,di-kondo-katu,Ди Кондо Кату,по запросу,unknown,unresolved,unknown,unknown,not_verified,unknown,Кату,condo,catalog_generator_candidate,,,ru/wegc-catalog-data.js,market,/ru/podbor.html?project=di-kondo-katu,,not_verified,false,not_verified,resolve_project_and_family_before_commercial_verification,Preserved source index; generator may infer group/district/type from project wording. Not current inventory.
PHK-P-b314a09476a5,232,dinso-rezidens,Динсо Резиденс,по запросу,unknown,unresolved,unknown,unknown,not_verified,unknown,Патонг,condo,catalog_generator_candidate,,,ru/wegc-catalog-data.js,market,/ru/podbor.html?project=dinso-rezidens,,not_verified,false,not_verified,resolve_project_and_family_before_commercial_verification,Preserved source index; generator may infer group/district/type from project wording. Not current inventory.
PHK-P-577d86e1a254,233,dominion-ravai,Доминион Раваи,по запросу,unknown,unresolved,unknown,unknown,not_verified,unknown,Раваи,condo,catalog_generator_candidate,,,ru/wegc-catalog-data.js,market,/ru/podbor.html?project=dominion-ravai,,not_verified,false,not_verified,resolve_project_and_family_before_commercial_verification,Preserved source index; generator may infer group/district/type from project wording. Not current inventory.
PHK-P-cb645cfbdd1f,234,dusit-tani,Дусит Тани,по запросу,unknown,unresolved,unknown,unknown,not_verified,unknown,Банг Тао,condo,catalog_generator_candidate,,,ru/wegc-catalog-data.js,market,/ru/podbor.html?project=dusit-tani,,not_verified,false,not_verified,resolve_project_and_family_before_commercial_verification,Preserved source index; generator may infer group/district/type from project wording. Not current inventory.
PHK-P-37dba35d017d,235,dyun-rezidensis,Дюн Резиденсис,по запросу,unknown,unresolved,unknown,unknown,not_verified,unknown,Банг Тао,condo,catalog_generator_candidate,,,ru/wegc-catalog-data.js,market,/ru/podbor.html?project=dyun-rezidensis,,not_verified,false,not_verified,resolve_project_and_family_before_commercial_verification,Preserved source index; generator may infer group/district/type from project wording. Not current inventory.
PHK-P-3b3010e6cb8c,236,eva-bich,Ева бич,по запросу,unknown,unresolved,unknown,unknown,not_verified,unknown,Раваи,condo,catalog_generator_candidate,,,ru/wegc-catalog-data.js,market,/ru/podbor.html?project=eva-bich,,not_verified,false,not_verified,resolve_project_and_family_before_commercial_verification,Preserved source index; generator may infer group/district/type from project wording. Not current inventory.
PHK-P-b5b984a5a6ea,237,ze-tris-rezidens,Зе Tрис резиденс,по запросу,unknown,unresolved,unknown,unknown,not_verified,unknown,Камала,condo,catalog_generator_candidate,,,ru/wegc-catalog-data.js,market,/ru/podbor.html?project=ze-tris-rezidens,,not_verified,false,not_verified,resolve_project_and_family_before_commercial_verification,Preserved source index; generator may infer group/district/type from project wording. Not current inventory.
PHK-P-15da61e4bb01,238,ze-bichfront,Зе Бичфронт,по запросу,unknown,unresolved,unknown,unknown,not_verified,unknown,Раваи,condo,catalog_generator_candidate,,,ru/wegc-catalog-data.js,market,/ru/podbor.html?project=ze-bichfront,,not_verified,false,not_verified,resolve_project_and_family_before_commercial_verification,Preserved source index; generator may infer group/district/type from project wording. Not current inventory.
PHK-P-030d71b1d322,239,ze-bei,Зе Бэй,по запросу,unknown,unresolved,unknown,unknown,not_verified,unknown,Мыс Яму,condo,catalog_generator_candidate,,,ru/wegc-catalog-data.js,market,/ru/podbor.html?project=ze-bei,,not_verified,false,not_verified,resolve_project_and_family_before_commercial_verification,Preserved source index; generator may infer group/district/type from project wording. Not current inventory.
PHK-P-f1811c2ca3d5,240,ze-bei-klif,Зе бэй клиф,по запросу,unknown,unresolved,unknown,unknown,not_verified,unknown,Патонг,condo,catalog_generator_candidate,,,ru/wegc-catalog-data.js,market,/ru/podbor.html?project=ze-bei-klif,,not_verified,false,not_verified,resolve_project_and_family_before_commercial_verification,Preserved source index; generator may infer group/district/type from project wording. Not current inventory.
PHK-P-3df4302909ed,241,ze-van,Зе Ван,по запросу,unknown,unresolved,unknown,unknown,not_verified,unknown,Най Харн,condo,catalog_generator_candidate,,,ru/wegc-catalog-data.js,market,/ru/podbor.html?project=ze-van,,not_verified,false,not_verified,resolve_project_and_family_before_commercial_verification,Preserved source index; generator may infer group/district/type from project wording. Not current inventory.
PHK-P-b38a445553c9,242,ze-viktori-andaman-asset,Зе Виктори Андаман Ассэт,по запросу,unknown,unresolved,unknown,unknown,not_verified,unknown,Банг Тао,condo,catalog_generator_candidate,,,ru/wegc-catalog-data.js,market,/ru/podbor.html?project=ze-viktori-andaman-asset,,not_verified,false,not_verified,resolve_project_and_family_before_commercial_verification,Preserved source index; generator may infer group/district/type from project wording. Not current inventory.
PHK-P-3d9dfcdfa902,243,ze-villas,Зе Виллас,по запросу,unknown,unresolved,unknown,unknown,not_verified,unknown,Най Харн,villa,catalog_generator_candidate,,,ru/wegc-catalog-data.js,market,/ru/podbor.html?project=ze-villas,,not_verified,false,not_verified,resolve_project_and_family_before_commercial_verification,Preserved source index; generator may infer group/district/type from project wording. Not current inventory.
PHK-P-5ec05ab88055,244,ze-vinn,Зе Винн,по запросу,unknown,unresolved,unknown,unknown,not_verified,unknown,Лаян,condo,catalog_generator_candidate,,,ru/wegc-catalog-data.js,market,/ru/podbor.html?project=ze-vinn,,not_verified,false,not_verified,resolve_project_and_family_before_commercial_verification,Preserved source index; generator may infer group/district/type from project wording. Not current inventory.
PHK-P-fd922f67aae8,245,ze-vyu,Зе Вью,по запросу,unknown,unresolved,unknown,unknown,not_verified,unknown,Ката · Карон,condo,catalog_generator_candidate,,,ru/wegc-catalog-data.js,market,/ru/podbor.html?project=ze-vyu,,not_verified,false,not_verified,resolve_project_and_family_before_commercial_verification,Preserved source index; generator may infer group/district/type from project wording. Not current inventory.
PHK-P-7dd6f3224cff,246,ze-grand-villas-ravai,Зе Гранд Виллас Раваи,по запросу,unknown,unresolved,unknown,unknown,not_verified,unknown,Раваи,villa,catalog_generator_candidate,,,ru/wegc-catalog-data.js,market,/ru/podbor.html?project=ze-grand-villas-ravai,,not_verified,false,not_verified,resolve_project_and_family_before_commercial_verification,Preserved source index; generator may infer group/district/type from project wording. Not current inventory.
PHK-P-7808063f9778,247,ze-grins,Зе Гринс,по запросу,unknown,unresolved,unknown,unknown,not_verified,unknown,Раваи,condo,catalog_generator_candidate,,,ru/wegc-catalog-data.js,market,/ru/podbor.html?project=ze-grins,,not_verified,false,not_verified,resolve_project_and_family_before_commercial_verification,Preserved source index; generator may infer group/district/type from project wording. Not current inventory.
PHK-P-70acd81a1aae,248,ze-dek,Зе Дек,по запросу,unknown,unresolved,unknown,unknown,not_verified,unknown,Патонг,condo,catalog_generator_candidate,,,ru/wegc-catalog-data.js,market,/ru/podbor.html?project=ze-dek,,not_verified,false,not_verified,resolve_project_and_family_before_commercial_verification,Preserved source index; generator may infer group/district/type from project wording. Not current inventory.
PHK-P-c209e8bb19bd,249,ze-keip-rezidenses,Зе Кейп Резиденсес,по запросу,unknown,unresolved,unknown,unknown,not_verified,unknown,Мыс Яму,condo,catalog_generator_candidate,,,ru/wegc-catalog-data.js,market,/ru/podbor.html?project=ze-keip-rezidenses,,not_verified,false,not_verified,resolve_project_and_family_before_commercial_verification,Preserved source index; generator may infer group/district/type from project wording. Not current inventory.
PHK-P-f0ae7466aef7,250,ze-kris,Зе Крис,по запросу,unknown,unresolved,unknown,unknown,not_verified,unknown,Сурин,condo,catalog_generator_candidate,,,ru/wegc-catalog-data.js,market,/ru/podbor.html?project=ze-kris,,not_verified,false,not_verified,resolve_project_and_family_before_commercial_verification,Preserved source index; generator may infer group/district/type from project wording. Not current inventory.
PHK-P-bd37dac8a2da,251,ze-lait,Зе Лайт,по запросу,unknown,unresolved,unknown,unknown,not_verified,unknown,Кату,condo,catalog_generator_candidate,,,ru/wegc-catalog-data.js,market,/ru/podbor.html?project=ze-lait,,not_verified,false,not_verified,resolve_project_and_family_before_commercial_verification,Preserved source index; generator may infer group/district/type from project wording. Not current inventory.
PHK-P-4e986dbe75c8,252,ze-marin,Зе Марин,по запросу,unknown,unresolved,unknown,unknown,not_verified,unknown,Камала,condo,catalog_generator_candidate,,,ru/wegc-catalog-data.js,market,/ru/podbor.html?project=ze-marin,,not_verified,false,not_verified,resolve_project_and_family_before_commercial_verification,Preserved source index; generator may infer group/district/type from project wording. Not current inventory.
PHK-P-82ddd9d60e15,253,ze-nais-kondotel,Зе Найс Кондотель,по запросу,unknown,unresolved,unknown,unknown,not_verified,unknown,Банг Тао,condo,catalog_generator_candidate,,,ru/wegc-catalog-data.js,market,/ru/podbor.html?project=ze-nais-kondotel,,not_verified,false,not_verified,resolve_project_and_family_before_commercial_verification,Preserved source index; generator may infer group/district/type from project wording. Not current inventory.
PHK-P-73fd93d00e3c,254,ze-palms,Зе Палмс,по запросу,unknown,unresolved,unknown,unknown,not_verified,unknown,Камала,condo,catalog_generator_candidate,,,ru/wegc-catalog-data.js,market,/ru/podbor.html?project=ze-palms,,not_verified,false,not_verified,resolve_project_and_family_before_commercial_verification,Preserved source index; generator may infer group/district/type from project wording. Not current inventory.
PHK-P-379b60c023ed,255,ze-passport-kondo,Зе Пасспорт Кондо,по запросу,unknown,unresolved,unknown,unknown,not_verified,unknown,Раваи,condo,catalog_generator_candidate,,,ru/wegc-catalog-data.js,market,/ru/podbor.html?project=ze-passport-kondo,,not_verified,false,not_verified,resolve_project_and_family_before_commercial_verification,Preserved source index; generator may infer group/district/type from project wording. Not current inventory.
PHK-P-acf686909de7,256,ze-point-phuket,Зе Поинт Пхукет,по запросу,unknown,unresolved,unknown,unknown,not_verified,unknown,Кату,condo,catalog_generator_candidate,,,ru/wegc-catalog-data.js,market,/ru/podbor.html?project=ze-point-phuket,,not_verified,false,not_verified,resolve_project_and_family_before_commercial_verification,Preserved source index; generator may infer group/district/type from project wording. Not current inventory.
PHK-P-f0c6a51c9da8,257,ze-rezidens,Зе Резиденс,по запросу,unknown,unresolved,unknown,unknown,not_verified,unknown,Банг Тао,condo,catalog_generator_candidate,,,ru/wegc-catalog-data.js,market,/ru/podbor.html?project=ze-rezidens,,not_verified,false,not_verified,resolve_project_and_family_before_commercial_verification,Preserved source index; generator may infer group/district/type from project wording. Not current inventory.
PHK-P-058da17eb9a8,258,ze-rezidens-bangtao,Зе Резиденс Бангтао,по запросу,unknown,unresolved,unknown,unknown,not_verified,unknown,Банг Тао,condo,catalog_generator_candidate,,,ru/wegc-catalog-data.js,market,/ru/podbor.html?project=ze-rezidens-bangtao,,not_verified,false,not_verified,resolve_project_and_family_before_commercial_verification,Preserved source index; generator may infer group/district/type from project wording. Not current inventory.
PHK-P-1d2fd0ecb22b,259,ze-rezidens-naiharn,Зе Резиденс Найхарн,по запросу,unknown,unresolved,unknown,unknown,not_verified,unknown,Най Харн,condo,catalog_generator_candidate,,,ru/wegc-catalog-data.js,market,/ru/podbor.html?project=ze-rezidens-naiharn,,not_verified,false,not_verified,resolve_project_and_family_before_commercial_verification,Preserved source index; generator may infer group/district/type from project wording. Not current inventory.
PHK-P-c50a0df7853f,260,ze-rezidens-praim,Зе Резиденс Прайм,по запросу,unknown,unresolved,unknown,unknown,not_verified,unknown,Лаян,condo,catalog_generator_candidate,,,ru/wegc-catalog-data.js,market,/ru/podbor.html?project=ze-rezidens-praim,,not_verified,false,not_verified,resolve_project_and_family_before_commercial_verification,Preserved source index; generator may infer group/district/type from project wording. Not current inventory.
PHK-P-6a7f034ab202,261,ze-ridzhent-villas,Зе Риджент Виллас,по запросу,unknown,unresolved,unknown,unknown,not_verified,unknown,Банг Тао,villa,catalog_generator_candidate,,,ru/wegc-catalog-data.js,market,/ru/podbor.html?project=ze-ridzhent-villas,,not_verified,false,not_verified,resolve_project_and_family_before_commercial_verification,Preserved source index; generator may infer group/district/type from project wording. Not current inventory.
PHK-P-2b59c1f9df9f,262,ze-s-villas,Зе С виллас,по запросу,unknown,unresolved,unknown,unknown,not_verified,unknown,Банг Тао,villa,catalog_generator_candidate,,,ru/wegc-catalog-data.js,market,/ru/podbor.html?project=ze-s-villas,,not_verified,false,not_verified,resolve_project_and_family_before_commercial_verification,Preserved source index; generator may infer group/district/type from project wording. Not current inventory.
PHK-P-aaea1322d9b2,263,ze-standart-rezidens,Зе Стандарт Резиденс,по запросу,unknown,unresolved,unknown,unknown,not_verified,unknown,Банг Тао,condo,catalog_generator_candidate,,,ru/wegc-catalog-data.js,market,/ru/podbor.html?project=ze-standart-rezidens,,not_verified,false,not_verified,resolve_project_and_family_before_commercial_verification,Preserved source index; generator may infer group/district/type from project wording. Not current inventory.
PHK-P-1af92bec226f,264,ze-taitl-5,Зе Тайтл 5,Rhom Bho / The Title,Rhom Bho Property / THE TITLE,generator_alias_candidate,low,unknown,not_verified,unknown,Раваи,condo,catalog_generator_candidate,https://thetitleresidence.com/,,ru/wegc-catalog-data.js,market,/ru/podbor.html?project=ze-taitl-5,,not_verified,false,not_verified,resolve_project_and_family_before_commercial_verification,Preserved source index; generator may infer group/district/type from project wording. Not current inventory.
PHK-P-699442e32f86,265,ze-taitl-ravai,Зе Тайтл Равай,Rhom Bho / The Title,Rhom Bho Property / THE TITLE,generator_alias_candidate,low,unknown,not_verified,unknown,Раваи,condo,catalog_generator_candidate,https://thetitleresidence.com/,,ru/wegc-catalog-data.js,market,/ru/podbor.html?project=ze-taitl-ravai,,not_verified,false,not_verified,resolve_project_and_family_before_commercial_verification,Preserved source index; generator may infer group/district/type from project wording. Not current inventory.
PHK-P-02e4eae7417f,266,ze-taitl-rezidens-nayang,Зе Тайтл Резиденс Наянг,Rhom Bho / The Title,Rhom Bho Property / THE TITLE,generator_alias_candidate,low,unknown,not_verified,unknown,Най Янг,condo,catalog_generator_candidate,https://thetitleresidence.com/,,ru/wegc-catalog-data.js,market,/ru/podbor.html?project=ze-taitl-rezidens-nayang,,not_verified,false,not_verified,resolve_project_and_family_before_commercial_verification,Preserved source index; generator may infer group/district/type from project wording. Not current inventory.
PHK-P-4369187c4dac,267,ze-taitl-sereniti-nayang,Зе Тайтл Серенити Наянг,Rhom Bho / The Title,Rhom Bho Property / THE TITLE,generator_alias_candidate,low,unknown,not_verified,unknown,Най Янг,condo,catalog_generator_candidate,https://thetitleresidence.com/,,ru/wegc-catalog-data.js,market,/ru/podbor.html?project=ze-taitl-sereniti-nayang,,not_verified,false,not_verified,resolve_project_and_family_before_commercial_verification,Preserved source index; generator may infer group/district/type from project wording. Not current inventory.
PHK-P-a2729ce0be68,268,ze-taitl-heritazh,Зе Тайтл Херитаж,Rhom Bho / The Title,Rhom Bho Property / THE TITLE,generator_alias_candidate,low,unknown,not_verified,unknown,Банг Тао,condo,catalog_generator_candidate,https://thetitleresidence.com/,,ru/wegc-catalog-data.js,market,/ru/podbor.html?project=ze-taitl-heritazh,,not_verified,false,not_verified,resolve_project_and_family_before_commercial_verification,Preserved source index; generator may infer group/district/type from project wording. Not current inventory.
PHK-P-9fad26dd4897,269,ze-tik,Зе Тик,по запросу,unknown,unresolved,unknown,unknown,not_verified,unknown,Банг Тао,condo,catalog_generator_candidate,,,ru/wegc-catalog-data.js,market,/ru/podbor.html?project=ze-tik,,not_verified,false,not_verified,resolve_project_and_family_before_commercial_verification,Preserved source index; generator may infer group/district/type from project wording. Not current inventory.
PHK-P-50fa8a4e25b9,270,ze-tik-phuket,Зе Тик Пхукет,по запросу,unknown,unresolved,unknown,unknown,not_verified,unknown,Банг Тао,condo,catalog_generator_candidate,,,ru/wegc-catalog-data.js,market,/ru/podbor.html?project=ze-tik-phuket,,not_verified,false,not_verified,resolve_project_and_family_before_commercial_verification,Preserved source index; generator may infer group/district/type from project wording. Not current inventory.
PHK-P-215e4ca06be8,271,ze-heits,Зе Хэйтс,по запросу,unknown,unresolved,unknown,unknown,not_verified,unknown,Ката · Карон,condo,catalog_generator_candidate,,,ru/wegc-catalog-data.js,market,/ru/podbor.html?project=ze-heits,,not_verified,false,not_verified,resolve_project_and_family_before_commercial_verification,Preserved source index; generator may infer group/district/type from project wording. Not current inventory.
PHK-P-bcc95ce0222a,272,ze-yuniti,Зе Юнити,по запросу,unknown,unresolved,unknown,unknown,not_verified,unknown,Патонг,condo,catalog_generator_candidate,,,ru/wegc-catalog-data.js,market,/ru/podbor.html?project=ze-yuniti,,not_verified,false,not_verified,resolve_project_and_family_before_commercial_verification,Preserved source index; generator may infer group/district/type from project wording. Not current inventory.
PHK-P-ebebadd36a44,273,zeniti,Зенити,по запросу,unknown,unresolved,unknown,unknown,not_verified,unknown,Банг Тао,condo,catalog_generator_candidate,,,ru/wegc-catalog-data.js,market,/ru/podbor.html?project=zeniti,,not_verified,false,not_verified,resolve_project_and_family_before_commercial_verification,Preserved source index; generator may infer group/district/type from project wording. Not current inventory.
PHK-P-0d882fd29310,274,zeniti-lyuks,Зенити Люкс,по запросу,unknown,unresolved,unknown,unknown,not_verified,unknown,Банг Тао,condo,catalog_generator_candidate,,,ru/wegc-catalog-data.js,market,/ru/podbor.html?project=zeniti-lyuks,,not_verified,false,not_verified,resolve_project_and_family_before_commercial_verification,Preserved source index; generator may infer group/district/type from project wording. Not current inventory.
PHK-P-44532dd8f067,275,zero-bangtao,Зеро Бангтао,The Zero,The Zero Phuket / Zero Developments,generator_alias_candidate,low,unknown,not_verified,unknown,Банг Тао,condo,catalog_generator_candidate,https://thezerophuket.com/,,ru/wegc-catalog-data.js,market,/ru/podbor.html?project=zero-bangtao,,not_verified,false,not_verified,resolve_project_and_family_before_commercial_verification,Preserved source index; generator may infer group/district/type from project wording. Not current inventory.
PHK-P-8104c44bd70a,276,zero-naiyang,Зеро Найянг,The Zero,The Zero Phuket / Zero Developments,generator_alias_candidate,low,unknown,not_verified,unknown,Най Янг,condo,catalog_generator_candidate,https://thezerophuket.com/,,ru/wegc-catalog-data.js,market,/ru/podbor.html?project=zero-naiyang,,not_verified,false,not_verified,resolve_project_and_family_before_commercial_verification,Preserved source index; generator may infer group/district/type from project wording. Not current inventory.
PHK-P-70fc87c147db,277,zeskeip-1-kondominium,Зескейп 1 Кондоминиум,по запросу,unknown,unresolved,unknown,unknown,not_verified,unknown,Банг Тао,condo,catalog_generator_candidate,,,ru/wegc-catalog-data.js,market,/ru/podbor.html?project=zeskeip-1-kondominium,,not_verified,false,not_verified,resolve_project_and_family_before_commercial_verification,Preserved source index; generator may infer group/district/type from project wording. Not current inventory.
PHK-P-d3d84095c2dd,278,zeskeip-2-kondominium,Зескейп 2 Кондоминиум,по запросу,unknown,unresolved,unknown,unknown,not_verified,unknown,Банг Тао,condo,catalog_generator_candidate,,,ru/wegc-catalog-data.js,market,/ru/podbor.html?project=zeskeip-2-kondominium,,not_verified,false,not_verified,resolve_project_and_family_before_commercial_verification,Preserved source index; generator may infer group/district/type from project wording. Not current inventory.
PHK-P-005a6496feb9,279,indochine,Индочине,по запросу,unknown,unresolved,unknown,unknown,not_verified,unknown,Патонг,condo,catalog_generator_candidate,,,ru/wegc-catalog-data.js,market,/ru/podbor.html?project=indochine,,not_verified,false,not_verified,resolve_project_and_family_before_commercial_verification,Preserved source index; generator may infer group/district/type from project wording. Not current inventory.
PHK-P-6d9c4ed132ff,280,intira-villas,Интира Виллас,по запросу,unknown,unresolved,unknown,unknown,not_verified,unknown,Раваи,villa,catalog_generator_candidate,,,ru/wegc-catalog-data.js,market,/ru/podbor.html?project=intira-villas,,not_verified,false,not_verified,resolve_project_and_family_before_commercial_verification,Preserved source index; generator may infer group/district/type from project wording. Not current inventory.
PHK-P-3a9d5d829175,281,isola,Исола,по запросу,unknown,unresolved,unknown,unknown,not_verified,unknown,Лаян,condo,catalog_generator_candidate,,,ru/wegc-catalog-data.js,market,/ru/podbor.html?project=isola,,not_verified,false,not_verified,resolve_project_and_family_before_commercial_verification,Preserved source index; generator may infer group/district/type from project wording. Not current inventory.
PHK-P-fb0a34653c59,282,isola-skai,Исола Скай,по запросу,unknown,unresolved,unknown,unknown,not_verified,unknown,Лаян,condo,catalog_generator_candidate,,,ru/wegc-catalog-data.js,market,/ru/podbor.html?project=isola-skai,,not_verified,false,not_verified,resolve_project_and_family_before_commercial_verification,Preserved source index; generator may infer group/district/type from project wording. Not current inventory.
PHK-P-eaec64a629db,283,ka-villa,Ка Вилла,по запросу,unknown,unresolved,unknown,unknown,not_verified,unknown,Раваи,villa,catalog_generator_candidate,,,ru/wegc-catalog-data.js,market,/ru/podbor.html?project=ka-villa,,not_verified,false,not_verified,resolve_project_and_family_before_commercial_verification,Preserved source index; generator may infer group/district/type from project wording. Not current inventory.
PHK-P-b4c469720d56,284,kazuarina-shors,Казуарина Шорс,по запросу,unknown,unresolved,unknown,unknown,not_verified,unknown,Банг Тао,condo,catalog_generator_candidate,,,ru/wegc-catalog-data.js,market,/ru/podbor.html?project=kazuarina-shors,,not_verified,false,not_verified,resolve_project_and_family_before_commercial_verification,Preserved source index; generator may infer group/district/type from project wording. Not current inventory.
PHK-P-104b75d56197,285,kalipso,Калипсо,по запросу,unknown,unresolved,unknown,unknown,not_verified,unknown,Най Харн,condo,catalog_generator_candidate,,,ru/wegc-catalog-data.js,market,/ru/podbor.html?project=kalipso,,not_verified,false,not_verified,resolve_project_and_family_before_commercial_verification,Preserved source index; generator may infer group/district/type from project wording. Not current inventory.
PHK-P-154d01ac5599,286,kalipso-garden,Калипсо Гарден,по запросу,unknown,unresolved,unknown,unknown,not_verified,unknown,Раваи,condo,catalog_generator_candidate,,,ru/wegc-catalog-data.js,market,/ru/podbor.html?project=kalipso-garden,,not_verified,false,not_verified,resolve_project_and_family_before_commercial_verification,Preserved source index; generator may infer group/district/type from project wording. Not current inventory.
PHK-P-1b8506b489ef,287,kamala-bich-esteit,Камала Бич Эстэйт,по запросу,unknown,unresolved,unknown,unknown,not_verified,unknown,Камала,condo,catalog_generator_candidate,,,ru/wegc-catalog-data.js,market,/ru/podbor.html?project=kamala-bich-esteit,,not_verified,false,not_verified,resolve_project_and_family_before_commercial_verification,Preserved source index; generator may infer group/district/type from project wording. Not current inventory.
PHK-P-82d179262bb1,288,kamala-bei-oshen-vyu,Камала Бэй Ошен Вью,по запросу,unknown,unresolved,unknown,unknown,not_verified,unknown,Камала,condo,catalog_generator_candidate,,,ru/wegc-catalog-data.js,market,/ru/podbor.html?project=kamala-bei-oshen-vyu,,not_verified,false,not_verified,resolve_project_and_family_before_commercial_verification,Preserved source index; generator may infer group/district/type from project wording. Not current inventory.
PHK-P-2db86dbf8fa4,289,kamala-paradais-1,Камала Парадайс 1,по запросу,unknown,unresolved,unknown,unknown,not_verified,unknown,Камала,condo,catalog_generator_candidate,,,ru/wegc-catalog-data.js,market,/ru/podbor.html?project=kamala-paradais-1,,not_verified,false,not_verified,resolve_project_and_family_before_commercial_verification,Preserved source index; generator may infer group/district/type from project wording. Not current inventory.
PHK-P-bb55363c40db,290,kamala-fols,Камала Фолс,по запросу,unknown,unresolved,unknown,unknown,not_verified,unknown,Камала,condo,catalog_generator_candidate,,,ru/wegc-catalog-data.js,market,/ru/podbor.html?project=kamala-fols,,not_verified,false,not_verified,resolve_project_and_family_before_commercial_verification,Preserved source index; generator may infer group/district/type from project wording. Not current inventory.
PHK-P-efc8e89c3343,291,kamala-hills-esteit,Камала Хиллс Эстэйт,по запросу,unknown,unresolved,unknown,unknown,not_verified,unknown,Камала,condo,catalog_generator_candidate,,,ru/wegc-catalog-data.js,market,/ru/podbor.html?project=kamala-hills-esteit,,not_verified,false,not_verified,resolve_project_and_family_before_commercial_verification,Preserved source index; generator may infer group/district/type from project wording. Not current inventory.
PHK-P-a88f7e2fc519,292,kanvaz-palett,Канваз Палетт,по запросу,unknown,unresolved,unknown,unknown,not_verified,unknown,Банг Тао,condo,catalog_generator_candidate,,,ru/wegc-catalog-data.js,market,/ru/podbor.html?project=kanvaz-palett,,not_verified,false,not_verified,resolve_project_and_family_before_commercial_verification,Preserved source index; generator may infer group/district/type from project wording. Not current inventory.
PHK-P-5df04ce271b9,293,kanvas,Канвас,по запросу,unknown,unresolved,unknown,unknown,not_verified,unknown,Банг Тао,condo,catalog_generator_candidate,,,ru/wegc-catalog-data.js,market,/ru/podbor.html?project=kanvas,,not_verified,false,not_verified,resolve_project_and_family_before_commercial_verification,Preserved source index; generator may infer group/district/type from project wording. Not current inventory.
PHK-P-b393c8f3cbd8,294,kanopi-hills,Канопи Хиллс,по запросу,unknown,unresolved,unknown,unknown,not_verified,unknown,Пхукет,condo,catalog_generator_candidate,,,ru/wegc-catalog-data.js,market,/ru/podbor.html?project=kanopi-hills,,not_verified,false,not_verified,resolve_project_and_family_before_commercial_verification,Preserved source index; generator may infer group/district/type from project wording. Not current inventory.
PHK-P-4ccdb0052163,295,kapri-rezidens-bangtao,Капри Резиденс Бангтао,по запросу,unknown,unresolved,unknown,unknown,not_verified,unknown,Банг Тао,condo,catalog_generator_candidate,,,ru/wegc-catalog-data.js,market,/ru/podbor.html?project=kapri-rezidens-bangtao,,not_verified,false,not_verified,resolve_project_and_family_before_commercial_verification,Preserved source index; generator may infer group/district/type from project wording. Not current inventory.
PHK-P-c18383064d89,296,karon-baterflyai,Карон Батэрфляй,по запросу,unknown,unresolved,unknown,unknown,not_verified,unknown,Ката · Карон,condo,catalog_generator_candidate,,,ru/wegc-catalog-data.js,market,/ru/podbor.html?project=karon-baterflyai,,not_verified,false,not_verified,resolve_project_and_family_before_commercial_verification,Preserved source index; generator may infer group/district/type from project wording. Not current inventory.
PHK-P-fcebff136d36,297,karon-hill,Карон Хилл,по запросу,unknown,unresolved,unknown,unknown,not_verified,unknown,Ката · Карон,condo,catalog_generator_candidate,,,ru/wegc-catalog-data.js,market,/ru/podbor.html?project=karon-hill,,not_verified,false,not_verified,resolve_project_and_family_before_commercial_verification,Preserved source index; generator may infer group/district/type from project wording. Not current inventory.
PHK-P-c2b371839afd,298,karon-chik,Карон Чик,по запросу,unknown,unresolved,unknown,unknown,not_verified,unknown,Ката · Карон,condo,catalog_generator_candidate,,,ru/wegc-catalog-data.js,market,/ru/podbor.html?project=karon-chik,,not_verified,false,not_verified,resolve_project_and_family_before_commercial_verification,Preserved source index; generator may infer group/district/type from project wording. Not current inventory.
PHK-P-ac00b05d00c3,299,kasabei-laksheri-pul-villas,Касабей Лакшери Пул Виллас,по запросу,unknown,unresolved,unknown,unknown,not_verified,unknown,Раваи,villa,catalog_generator_candidate,,,ru/wegc-catalog-data.js,market,/ru/podbor.html?project=kasabei-laksheri-pul-villas,,not_verified,false,not_verified,resolve_project_and_family_before_commercial_verification,Preserved source index; generator may infer group/district/type from project wording. Not current inventory.
PHK-P-bf63fb9746cf,300,kassiya,Кассия,Laguna / Banyan,unknown,unmapped_raw_developer_candidate,unknown,unknown,not_verified,unknown,Банг Тао,condo,catalog_generator_candidate,,,ru/wegc-catalog-data.js,market,/ru/podbor.html?project=kassiya,,not_verified,false,not_verified,resolve_project_and_family_before_commercial_verification,Preserved source index; generator may infer group/district/type from project wording. Not current inventory.
PHK-P-5bab496b54e7,301,kassiya-rezidensis,Кассия Резиденсис,Laguna / Banyan,unknown,unmapped_raw_developer_candidate,unknown,unknown,not_verified,unknown,Банг Тао,condo,catalog_generator_candidate,,,ru/wegc-catalog-data.js,market,/ru/podbor.html?project=kassiya-rezidensis,,not_verified,false,not_verified,resolve_project_and_family_before_commercial_verification,Preserved source index; generator may infer group/district/type from project wording. Not current inventory.
PHK-P-c787798a1577,302,kata-gardens,Ката Гарденс,по запросу,unknown,unresolved,unknown,unknown,not_verified,unknown,Ката · Карон,condo,catalog_generator_candidate,,,ru/wegc-catalog-data.js,market,/ru/podbor.html?project=kata-gardens,,not_verified,false,not_verified,resolve_project_and_family_before_commercial_verification,Preserved source index; generator may infer group/district/type from project wording. Not current inventory.
PHK-P-24178bd80cd1,303,kata-ozon,Ката Озон,The Ozone,The Ozone Group Phuket,generator_alias_candidate,low,unknown,not_verified,unknown,Ката · Карон,condo,catalog_generator_candidate,https://ozonephuket.com/,,ru/wegc-catalog-data.js,market,/ru/podbor.html?project=kata-ozon,,not_verified,false,not_verified,resolve_project_and_family_before_commercial_verification,Preserved source index; generator may infer group/district/type from project wording. Not current inventory.
PHK-P-5e1b13551583,304,kata-oushen-vyu,Ката Оушен Вью,по запросу,unknown,unresolved,unknown,unknown,not_verified,unknown,Ката · Карон,condo,catalog_generator_candidate,,,ru/wegc-catalog-data.js,market,/ru/podbor.html?project=kata-oushen-vyu,,not_verified,false,not_verified,resolve_project_and_family_before_commercial_verification,Preserved source index; generator may infer group/district/type from project wording. Not current inventory.
PHK-P-75cc1e77e103,305,kata-roks,Ката Рокс,по запросу,unknown,unresolved,unknown,unknown,not_verified,unknown,Ката · Карон,condo,catalog_generator_candidate,,,ru/wegc-catalog-data.js,market,/ru/podbor.html?project=kata-roks,,not_verified,false,not_verified,resolve_project_and_family_before_commercial_verification,Preserved source index; generator may infer group/district/type from project wording. Not current inventory.
PHK-P-8ebf1b98d57c,306,kata-sivyu-villas,Ката Сивью виллас,по запросу,unknown,unresolved,unknown,unknown,not_verified,unknown,Ката · Карон,villa,catalog_generator_candidate,,,ru/wegc-catalog-data.js,market,/ru/podbor.html?project=kata-sivyu-villas,,not_verified,false,not_verified,resolve_project_and_family_before_commercial_verification,Preserved source index; generator may infer group/district/type from project wording. Not current inventory.
PHK-P-646a5049da61,307,katamanda,Катаманда,по запросу,unknown,unresolved,unknown,unknown,not_verified,unknown,Ката · Карон,condo,catalog_generator_candidate,,,ru/wegc-catalog-data.js,market,/ru/podbor.html?project=katamanda,,not_verified,false,not_verified,resolve_project_and_family_before_commercial_verification,Preserved source index; generator may infer group/district/type from project wording. Not current inventory.
PHK-P-5135688dcff8,308,katu-golf-kondo,Кату Гольф Кондо,по запросу,unknown,unresolved,unknown,unknown,not_verified,unknown,Кату,condo,catalog_generator_candidate,,,ru/wegc-catalog-data.js,market,/ru/podbor.html?project=katu-golf-kondo,,not_verified,false,not_verified,resolve_project_and_family_before_commercial_verification,Preserved source index; generator may infer group/district/type from project wording. Not current inventory.
PHK-P-b777cb7dda96,309,keip-amarin,Кейп Амарин,по запросу,unknown,unresolved,unknown,unknown,not_verified,unknown,Камала,condo,catalog_generator_candidate,,,ru/wegc-catalog-data.js,market,/ru/podbor.html?project=keip-amarin,,not_verified,false,not_verified,resolve_project_and_family_before_commercial_verification,Preserved source index; generator may infer group/district/type from project wording. Not current inventory.
PHK-P-6d95e56a77e1,310,keip-haits,Кейп Хайтс,по запросу,unknown,unresolved,unknown,unknown,not_verified,unknown,Мыс Яму,condo,catalog_generator_candidate,,,ru/wegc-catalog-data.js,market,/ru/podbor.html?project=keip-haits,,not_verified,false,not_verified,resolve_project_and_family_before_commercial_verification,Preserved source index; generator may infer group/district/type from project wording. Not current inventory.
PHK-P-2114e6a8b55b,311,kiara-rezidens,Киара Резиденс,по запросу,unknown,unresolved,unknown,unknown,not_verified,unknown,Лаян,condo,catalog_generator_candidate,,,ru/wegc-catalog-data.js,market,/ru/podbor.html?project=kiara-rezidens,,not_verified,false,not_verified,resolve_project_and_family_before_commercial_verification,Preserved source index; generator may infer group/district/type from project wording. Not current inventory.
PHK-P-f58b094a9ab6,312,kimalhai,Кималхай,по запросу,unknown,unresolved,unknown,unknown,not_verified,unknown,Пхукет,condo,catalog_generator_candidate,,,ru/wegc-catalog-data.js,market,/ru/podbor.html?project=kimalhai,,not_verified,false,not_verified,resolve_project_and_family_before_commercial_verification,Preserved source index; generator may infer group/district/type from project wording. Not current inventory.
PHK-P-d859d9de4d37,313,kiri-villas,Кири Виллас,по запросу,unknown,unresolved,unknown,unknown,not_verified,unknown,Банг Тао,villa,catalog_generator_candidate,,,ru/wegc-catalog-data.js,market,/ru/podbor.html?project=kiri-villas,,not_verified,false,not_verified,resolve_project_and_family_before_commercial_verification,Preserved source index; generator may infer group/district/type from project wording. Not current inventory.
PHK-P-e37be039c13c,314,klover-rezidens,Кловер Резиденс,по запросу,unknown,unresolved,unknown,unknown,not_verified,unknown,Банг Тао,condo,catalog_generator_candidate,,,ru/wegc-catalog-data.js,market,/ru/podbor.html?project=klover-rezidens,,not_verified,false,not_verified,resolve_project_and_family_before_commercial_verification,Preserved source index; generator may infer group/district/type from project wording. Not current inventory.
PHK-P-44270d694275,315,koko-kamala,Коко Камала,по запросу,unknown,unresolved,unknown,unknown,not_verified,unknown,Камала,condo,catalog_generator_candidate,,,ru/wegc-catalog-data.js,market,/ru/podbor.html?project=koko-kamala,,not_verified,false,not_verified,resolve_project_and_family_before_commercial_verification,Preserved source index; generator may infer group/district/type from project wording. Not current inventory.
PHK-P-a719ef8e32ac,316,koko-chalong,Коко Чалонг,по запросу,unknown,unresolved,unknown,unknown,not_verified,unknown,Чалонг,condo,catalog_generator_candidate,,,ru/wegc-catalog-data.js,market,/ru/podbor.html?project=koko-chalong,,not_verified,false,not_verified,resolve_project_and_family_before_commercial_verification,Preserved source index; generator may infer group/district/type from project wording. Not current inventory.
PHK-P-d7c633895f9e,317,kokyang,Кокянг,по запросу,unknown,unresolved,unknown,unknown,not_verified,unknown,Най Харн,condo,catalog_generator_candidate,,,ru/wegc-catalog-data.js,market,/ru/podbor.html?project=kokyang,,not_verified,false,not_verified,resolve_project_and_family_before_commercial_verification,Preserved source index; generator may infer group/district/type from project wording. Not current inventory.
PHK-P-32fdc980d18b,318,koral-bich-oushenvyu-rezort,Корал Бич Оушенвью Резорт,по запросу,unknown,unresolved,unknown,unknown,not_verified,unknown,Патонг,condo,catalog_generator_candidate,,,ru/wegc-catalog-data.js,market,/ru/podbor.html?project=koral-bich-oushenvyu-rezort,,not_verified,false,not_verified,resolve_project_and_family_before_commercial_verification,Preserved source index; generator may infer group/district/type from project wording. Not current inventory.
PHK-P-1452631e4003,319,koralina-kamala,Коралина Камала,по запросу,unknown,unresolved,unknown,unknown,not_verified,unknown,Камала,condo,catalog_generator_candidate,,,ru/wegc-catalog-data.js,market,/ru/podbor.html?project=koralina-kamala,,not_verified,false,not_verified,resolve_project_and_family_before_commercial_verification,Preserved source index; generator may infer group/district/type from project wording. Not current inventory.
PHK-P-1786fdbd007f,320,kohiba-villas-phuket,Кохиба Виллас Пхукет,по запросу,unknown,unresolved,unknown,unknown,not_verified,unknown,Лаян,villa,catalog_generator_candidate,,,ru/wegc-catalog-data.js,market,/ru/podbor.html?project=kohiba-villas-phuket,,not_verified,false,not_verified,resolve_project_and_family_before_commercial_verification,Preserved source index; generator may infer group/district/type from project wording. Not current inventory.
PHK-P-a64a0e62d0f7,321,kristal-villa,Кристал вилла,по запросу,unknown,unresolved,unknown,unknown,not_verified,unknown,Най Харн,villa,catalog_generator_candidate,,,ru/wegc-catalog-data.js,market,/ru/podbor.html?project=kristal-villa,,not_verified,false,not_verified,resolve_project_and_family_before_commercial_verification,Preserved source index; generator may infer group/district/type from project wording. Not current inventory.
PHK-P-27e6bb08591b,322,ku-kontsept,Ку Концепт,по запросу,unknown,unresolved,unknown,unknown,not_verified,unknown,Ката · Карон,condo,catalog_generator_candidate,,,ru/wegc-catalog-data.js,market,/ru/podbor.html?project=ku-kontsept,,not_verified,false,not_verified,resolve_project_and_family_before_commercial_verification,Preserved source index; generator may infer group/district/type from project wording. Not current inventory.
PHK-P-f76bb24024c4,323,kha-naen-pul-villas,Кха Наэн Пул Виллас,по запросу,unknown,unresolved,unknown,unknown,not_verified,unknown,Банг Тао,villa,catalog_generator_candidate,,,ru/wegc-catalog-data.js,market,/ru/podbor.html?project=kha-naen-pul-villas,,not_verified,false,not_verified,resolve_project_and_family_before_commercial_verification,Preserved source index; generator may infer group/district/type from project wording. Not current inventory.
PHK-P-ddbe2a2ce84d,324,khanaziya-eden-hill,Кханазия Эден Хилл,по запросу,unknown,unresolved,unknown,unknown,not_verified,unknown,Банг Тао,condo,catalog_generator_candidate,,,ru/wegc-catalog-data.js,market,/ru/podbor.html?project=khanaziya-eden-hill,,not_verified,false,not_verified,resolve_project_and_family_before_commercial_verification,Preserved source index; generator may infer group/district/type from project wording. Not current inventory.
PHK-P-5874d6f6ca0d,325,kyuniti-phuket,Кьюнити Пхукет,по запросу,unknown,unresolved,unknown,unknown,not_verified,unknown,Банг Тао,condo,catalog_generator_candidate,,,ru/wegc-catalog-data.js,market,/ru/podbor.html?project=kyuniti-phuket,,not_verified,false,not_verified,resolve_project_and_family_before_commercial_verification,Preserved source index; generator may infer group/district/type from project wording. Not current inventory.
PHK-P-42d895f8c7cf,326,lav-layan,Лав Лаян,по запросу,unknown,unresolved,unknown,unknown,not_verified,unknown,Лаян,condo,catalog_generator_candidate,,,ru/wegc-catalog-data.js,market,/ru/podbor.html?project=lav-layan,,not_verified,false,not_verified,resolve_project_and_family_before_commercial_verification,Preserved source index; generator may infer group/district/type from project wording. Not current inventory.
PHK-P-62b85a3037e7,327,lavish-esteit,Лавиш Эстейт,по запросу,unknown,unresolved,unknown,unknown,not_verified,unknown,Чалонг,condo,catalog_generator_candidate,,,ru/wegc-catalog-data.js,market,/ru/podbor.html?project=lavish-esteit,,not_verified,false,not_verified,resolve_project_and_family_before_commercial_verification,Preserved source index; generator may infer group/district/type from project wording. Not current inventory.
PHK-P-13bf109a2590,328,lago,Лаго,по запросу,unknown,unresolved,unknown,unknown,not_verified,unknown,Най Харн,condo,catalog_generator_candidate,,,ru/wegc-catalog-data.js,market,/ru/podbor.html?project=lago,,not_verified,false,not_verified,resolve_project_and_family_before_commercial_verification,Preserved source index; generator may infer group/district/type from project wording. Not current inventory.
PHK-P-ee2ac460eba5,329,laguna-feirveis,Лагуна Фэйрвейс,по запросу,unknown,unresolved,unknown,unknown,not_verified,unknown,Банг Тао,condo,catalog_generator_candidate,,,ru/wegc-catalog-data.js,market,/ru/podbor.html?project=laguna-feirveis,,not_verified,false,not_verified,resolve_project_and_family_before_commercial_verification,Preserved source index; generator may infer group/district/type from project wording. Not current inventory.
PHK-P-1e28935da501,330,laguna-aster,Лагуна Астер,по запросу,unknown,unresolved,unknown,unknown,not_verified,unknown,Банг Тао,condo,catalog_generator_candidate,,,ru/wegc-catalog-data.js,market,/ru/zhk.html?p=laguna-aster,,not_verified,false,not_verified,resolve_project_and_family_before_commercial_verification,Preserved source index; generator may infer group/district/type from project wording. Not current inventory.
PHK-P-aa688e21fb0e,331,laguna-beisaid,Лагуна Бейсайд,по запросу,unknown,unresolved,unknown,unknown,not_verified,unknown,Банг Тао,condo,catalog_generator_candidate,,,ru/wegc-catalog-data.js,market,/ru/zhk.html?p=laguna-beisaid,,not_verified,false,not_verified,resolve_project_and_family_before_commercial_verification,Preserved source index; generator may infer group/district/type from project wording. Not current inventory.
PHK-P-928f9580662c,332,laguna-bich-rezidens-sishor-sisaid,Лагуна Бич Резиденс Сишор (Сисайд),по запросу,unknown,unresolved,unknown,unknown,not_verified,unknown,Банг Тао,condo,catalog_generator_candidate,,,ru/wegc-catalog-data.js,market,/ru/podbor.html?project=laguna-bich-rezidens-sishor-sisaid,,not_verified,false,not_verified,resolve_project_and_family_before_commercial_verification,Preserved source index; generator may infer group/district/type from project wording. Not current inventory.
PHK-P-89a5acbf0cd8,333,laguna-bichsaid,Лагуна Бичсайд,по запросу,unknown,unresolved,unknown,unknown,not_verified,unknown,Банг Тао,condo,catalog_generator_candidate,,,ru/wegc-catalog-data.js,market,/ru/podbor.html?project=laguna-bichsaid,,not_verified,false,not_verified,resolve_project_and_family_before_commercial_verification,Preserved source index; generator may infer group/district/type from project wording. Not current inventory.
PHK-P-db93d31f92bb,334,laguna-villadzh,Лагуна Вилладж,по запросу,unknown,unresolved,unknown,unknown,not_verified,unknown,Банг Тао,villa,catalog_generator_candidate,,,ru/wegc-catalog-data.js,market,/ru/podbor.html?project=laguna-villadzh,,not_verified,false,not_verified,resolve_project_and_family_before_commercial_verification,Preserved source index; generator may infer group/district/type from project wording. Not current inventory.
PHK-P-a9106e535d79,335,laguna-villadzh-rezidens-8,Лагуна Вилладж Резиденс 8,по запросу,unknown,unresolved,unknown,unknown,not_verified,unknown,Банг Тао,villa,catalog_generator_candidate,,,ru/wegc-catalog-data.js,market,/ru/podbor.html?project=laguna-villadzh-rezidens-8,,not_verified,false,not_verified,resolve_project_and_family_before_commercial_verification,Preserved source index; generator may infer group/district/type from project wording. Not current inventory.
PHK-P-42c7e189a450,336,laguna-vista,Лагуна Виста,по запросу,unknown,unresolved,unknown,unknown,not_verified,unknown,Банг Тао,condo,catalog_generator_candidate,,,ru/wegc-catalog-data.js,market,/ru/podbor.html?project=laguna-vista,,not_verified,false,not_verified,resolve_project_and_family_before_commercial_verification,Preserved source index; generator may infer group/district/type from project wording. Not current inventory.
PHK-P-eb486e8a71ec,337,laguna-voters,Лагуна Вотерс,по запросу,unknown,unresolved,unknown,unknown,not_verified,unknown,Банг Тао,condo,catalog_generator_candidate,,,ru/wegc-catalog-data.js,market,/ru/podbor.html?project=laguna-voters,,not_verified,false,not_verified,resolve_project_and_family_before_commercial_verification,Preserved source index; generator may infer group/district/type from project wording. Not current inventory.
PHK-P-e6f83cdf529a,338,laguna-golf-gibiskus,Лагуна Гольф Гибискус,по запросу,unknown,unresolved,unknown,unknown,not_verified,unknown,Банг Тао,condo,catalog_generator_candidate,,,ru/wegc-catalog-data.js,market,/ru/zhk.html?p=laguna-golf-gibiskus,,not_verified,false,not_verified,resolve_project_and_family_before_commercial_verification,Preserved source index; generator may infer group/district/type from project wording. Not current inventory.
PHK-P-c0d187a0a659,339,laguna-kouv,Лагуна Коув,по запросу,unknown,unresolved,unknown,unknown,not_verified,unknown,Банг Тао,condo,catalog_generator_candidate,,,ru/wegc-catalog-data.js,market,/ru/podbor.html?project=laguna-kouv,,not_verified,false,not_verified,resolve_project_and_family_before_commercial_verification,Preserved source index; generator may infer group/district/type from project wording. Not current inventory.
PHK-P-fbdaed03d764,340,laguna-leiklends,Лагуна Лейклэндс,по запросу,unknown,unresolved,unknown,unknown,not_verified,unknown,Банг Тао,condo,catalog_generator_candidate,,,ru/wegc-catalog-data.js,market,/ru/podbor.html?project=laguna-leiklends,,not_verified,false,not_verified,resolve_project_and_family_before_commercial_verification,Preserved source index; generator may infer group/district/type from project wording. Not current inventory.
PHK-P-c6ab7ad0c8ab,341,laguna-leiksaid,Лагуна Лейксайд,по запросу,unknown,unresolved,unknown,unknown,not_verified,unknown,Банг Тао,condo,catalog_generator_candidate,,,ru/wegc-catalog-data.js,market,/ru/zhk.html?p=laguna-leiksaid,,not_verified,false,not_verified,resolve_project_and_family_before_commercial_verification,Preserved source index; generator may infer group/district/type from project wording. Not current inventory.
PHK-P-c75bea64506b,342,laguna-links,Лагуна Линкс,по запросу,unknown,unresolved,unknown,unknown,not_verified,unknown,Банг Тао,condo,catalog_generator_candidate,,,ru/wegc-catalog-data.js,market,/ru/podbor.html?project=laguna-links,,not_verified,false,not_verified,resolve_project_and_family_before_commercial_verification,Preserved source index; generator may infer group/district/type from project wording. Not current inventory.
PHK-P-ff103f1257d1,343,laguna-park,Лагуна Парк,по запросу,unknown,unresolved,unknown,unknown,not_verified,unknown,Банг Тао,condo,catalog_generator_candidate,,,ru/wegc-catalog-data.js,market,/ru/podbor.html?project=laguna-park,,not_verified,false,not_verified,resolve_project_and_family_before_commercial_verification,Preserved source index; generator may infer group/district/type from project wording. Not current inventory.
PHK-P-f350249b9917,344,laguna-park-2,Лагуна Парк 2,по запросу,unknown,unresolved,unknown,unknown,not_verified,unknown,Банг Тао,condo,catalog_generator_candidate,,,ru/wegc-catalog-data.js,market,/ru/podbor.html?project=laguna-park-2,,not_verified,false,not_verified,resolve_project_and_family_before_commercial_verification,Preserved source index; generator may infer group/district/type from project wording. Not current inventory.
PHK-P-8dfc22c13452,345,laguna-homs,Лагуна Хомс,по запросу,unknown,unresolved,unknown,unknown,not_verified,unknown,Банг Тао,condo,catalog_generator_candidate,,,ru/wegc-catalog-data.js,market,/ru/podbor.html?project=laguna-homs,,not_verified,false,not_verified,resolve_project_and_family_before_commercial_verification,Preserved source index; generator may infer group/district/type from project wording. Not current inventory.
PHK-P-c087ac789174,346,laem-ka,Лаем Ка,по запросу,unknown,unresolved,unknown,unknown,not_verified,unknown,Раваи,condo,catalog_generator_candidate,,,ru/wegc-catalog-data.js,market,/ru/podbor.html?project=laem-ka,,not_verified,false,not_verified,resolve_project_and_family_before_commercial_verification,Preserved source index; generator may infer group/district/type from project wording. Not current inventory.
PHK-P-637ce8002100,347,laemcingh,Лаемcингх,по запросу,unknown,unresolved,unknown,unknown,not_verified,unknown,Сурин,condo,catalog_generator_candidate,,,ru/wegc-catalog-data.js,market,/ru/podbor.html?project=laemcingh,,not_verified,false,not_verified,resolve_project_and_family_before_commercial_verification,Preserved source index; generator may infer group/district/type from project wording. Not current inventory.
PHK-P-0f49d3eba74e,348,laki-villas-2,Лаки Виллас 2,по запросу,unknown,unresolved,unknown,unknown,not_verified,unknown,Банг Тао,villa,catalog_generator_candidate,,,ru/wegc-catalog-data.js,market,/ru/podbor.html?project=laki-villas-2,,not_verified,false,not_verified,resolve_project_and_family_before_commercial_verification,Preserved source index; generator may infer group/district/type from project wording. Not current inventory.
PHK-P-cff6ef747502,349,larimar-villa,Ларимар Вилла,по запросу,unknown,unresolved,unknown,unknown,not_verified,unknown,Чалонг,villa,catalog_generator_candidate,,,ru/wegc-catalog-data.js,market,/ru/podbor.html?project=larimar-villa,,not_verified,false,not_verified,resolve_project_and_family_before_commercial_verification,Preserved source index; generator may infer group/district/type from project wording. Not current inventory.
PHK-P-350fbe85ed77,350,laya-rezort,Лая Резорт,по запросу,unknown,unresolved,unknown,unknown,not_verified,unknown,Лаян,condo,catalog_generator_candidate,,,ru/wegc-catalog-data.js,market,/ru/podbor.html?project=laya-rezort,,not_verified,false,not_verified,resolve_project_and_family_before_commercial_verification,Preserved source index; generator may infer group/district/type from project wording. Not current inventory.
PHK-P-10cbd8e3b13e,351,layalina-hill-villa,Лаялина Хилл Вилла,по запросу,unknown,unresolved,unknown,unknown,not_verified,unknown,Камала,villa,catalog_generator_candidate,,,ru/wegc-catalog-data.js,market,/ru/podbor.html?project=layalina-hill-villa,,not_verified,false,not_verified,resolve_project_and_family_before_commercial_verification,Preserved source index; generator may infer group/district/type from project wording. Not current inventory.
PHK-P-56e5876263c3,352,layan-verde,Лаян Верде,по запросу,unknown,unresolved,unknown,unknown,not_verified,unknown,Лаян,condo,catalog_generator_candidate,,,ru/wegc-catalog-data.js,market,/ru/podbor.html?project=layan-verde,,not_verified,false,not_verified,resolve_project_and_family_before_commercial_verification,Preserved source index; generator may infer group/district/type from project wording. Not current inventory.
PHK-P-ed262dd06d68,353,layan-gardens,Лаян Гарденс,по запросу,unknown,unresolved,unknown,unknown,not_verified,unknown,Банг Тао,condo,catalog_generator_candidate,,,ru/wegc-catalog-data.js,market,/ru/podbor.html?project=layan-gardens,,not_verified,false,not_verified,resolve_project_and_family_before_commercial_verification,Preserved source index; generator may infer group/district/type from project wording. Not current inventory.
PHK-P-9489d8e0579a,354,layan-grin-park,Лаян Грин Парк,по запросу,unknown,unresolved,unknown,unknown,not_verified,unknown,Лаян,condo,catalog_generator_candidate,,,ru/wegc-catalog-data.js,market,/ru/podbor.html?project=layan-grin-park,,not_verified,false,not_verified,resolve_project_and_family_before_commercial_verification,Preserved source index; generator may infer group/district/type from project wording. Not current inventory.
PHK-P-a18ca8efc640,355,layan-grin-park-2,Лаян Грин Парк 2,по запросу,unknown,unresolved,unknown,unknown,not_verified,unknown,Лаян,condo,catalog_generator_candidate,,,ru/wegc-catalog-data.js,market,/ru/podbor.html?project=layan-grin-park-2,,not_verified,false,not_verified,resolve_project_and_family_before_commercial_verification,Preserved source index; generator may infer group/district/type from project wording. Not current inventory.
PHK-P-6227f4374f50,356,layan-laki,Лаян Лаки,по запросу,unknown,unresolved,unknown,unknown,not_verified,unknown,Лаян,condo,catalog_generator_candidate,,,ru/wegc-catalog-data.js,market,/ru/podbor.html?project=layan-laki,,not_verified,false,not_verified,resolve_project_and_family_before_commercial_verification,Preserved source index; generator may infer group/district/type from project wording. Not current inventory.
PHK-P-16ad029de744,357,layan-hills-esteit,Лаян Хиллс Естейт,по запросу,unknown,unresolved,unknown,unknown,not_verified,unknown,Банг Тао,condo,catalog_generator_candidate,,,ru/wegc-catalog-data.js,market,/ru/podbor.html?project=layan-hills-esteit,,not_verified,false,not_verified,resolve_project_and_family_before_commercial_verification,Preserved source index; generator may infer group/district/type from project wording. Not current inventory.
PHK-P-d0ebc510e174,358,layan-esteit,Лаян Эстейт,по запросу,unknown,unresolved,unknown,unknown,not_verified,unknown,Лаян,condo,catalog_generator_candidate,,,ru/wegc-catalog-data.js,market,/ru/podbor.html?project=layan-esteit,,not_verified,false,not_verified,resolve_project_and_family_before_commercial_verification,Preserved source index; generator may infer group/district/type from project wording. Not current inventory.
PHK-P-6561bf632272,359,le-villa-leik,Ле Вилла Лейк,по запросу,unknown,unresolved,unknown,unknown,not_verified,unknown,Банг Тао,villa,catalog_generator_candidate,,,ru/wegc-catalog-data.js,market,/ru/podbor.html?project=le-villa-leik,,not_verified,false,not_verified,resolve_project_and_family_before_commercial_verification,Preserved source index; generator may infer group/district/type from project wording. Not current inventory.
PHK-P-da54e30f2c96,360,le-rezort-villa,Лё Резорт & Вилла,по запросу,unknown,unresolved,unknown,unknown,not_verified,unknown,Раваи,villa,catalog_generator_candidate,,,ru/wegc-catalog-data.js,market,/ru/podbor.html?project=le-rezort-villa,,not_verified,false,not_verified,resolve_project_and_family_before_commercial_verification,Preserved source index; generator may infer group/district/type from project wording. Not current inventory.
PHK-P-a6dddafeaf8f,361,leik-rezidens-gardens-eden,Лейк Резиденс Гарденс Эден,по запросу,unknown,unresolved,unknown,unknown,not_verified,unknown,Банг Тао,condo,catalog_generator_candidate,,,ru/wegc-catalog-data.js,market,/ru/podbor.html?project=leik-rezidens-gardens-eden,,not_verified,false,not_verified,resolve_project_and_family_before_commercial_verification,Preserved source index; generator may infer group/district/type from project wording. Not current inventory.
PHK-P-c49a8d760b72,362,leik-hauz,Лейк Хауз,по запросу,unknown,unresolved,unknown,unknown,not_verified,unknown,Банг Тао,condo,catalog_generator_candidate,,,ru/wegc-catalog-data.js,market,/ru/podbor.html?project=leik-hauz,,not_verified,false,not_verified,resolve_project_and_family_before_commercial_verification,Preserved source index; generator may infer group/district/type from project wording. Not current inventory.
PHK-P-6dba90e60612,363,leikvud-hills,Лейквуд хиллс,по запросу,unknown,unresolved,unknown,unknown,not_verified,unknown,Банг Тао,condo,catalog_generator_candidate,,,ru/wegc-catalog-data.js,market,/ru/podbor.html?project=leikvud-hills,,not_verified,false,not_verified,resolve_project_and_family_before_commercial_verification,Preserved source index; generator may infer group/district/type from project wording. Not current inventory.
PHK-P-dc0c5577a2ef,364,leikvyu-rezidens-laguna-leiklends,Лейквью Резиденс Лагуна Лейклэндс,по запросу,unknown,unresolved,unknown,unknown,not_verified,unknown,Банг Тао,condo,catalog_generator_candidate,,,ru/wegc-catalog-data.js,market,/ru/podbor.html?project=leikvyu-rezidens-laguna-leiklends,,not_verified,false,not_verified,resolve_project_and_family_before_commercial_verification,Preserved source index; generator may infer group/district/type from project wording. Not current inventory.
PHK-P-e7cbc55abc02,365,leikshor-villas,Лейкшор виллас,по запросу,unknown,unresolved,unknown,unknown,not_verified,unknown,Банг Тао,villa,catalog_generator_candidate,,,ru/wegc-catalog-data.js,market,/ru/podbor.html?project=leikshor-villas,,not_verified,false,not_verified,resolve_project_and_family_before_commercial_verification,Preserved source index; generator may infer group/district/type from project wording. Not current inventory.
PHK-P-496b2b9a3fc3,366,lotus-villas,Лотус Виллас,по запросу,unknown,unresolved,unknown,unknown,not_verified,unknown,Банг Тао,villa,catalog_generator_candidate,,,ru/wegc-catalog-data.js,market,/ru/podbor.html?project=lotus-villas,,not_verified,false,not_verified,resolve_project_and_family_before_commercial_verification,Preserved source index; generator may infer group/district/type from project wording. Not current inventory.
PHK-P-2fd23b15ad2d,367,lotus-gardens,Лотус Гарденс,по запросу,unknown,unresolved,unknown,unknown,not_verified,unknown,Банг Тао,condo,catalog_generator_candidate,,,ru/wegc-catalog-data.js,market,/ru/podbor.html?project=lotus-gardens,,not_verified,false,not_verified,resolve_project_and_family_before_commercial_verification,Preserved source index; generator may infer group/district/type from project wording. Not current inventory.
PHK-P-2d5e7d0b318e,368,loft-laguna-villadzh,Лофт Лагуна Вилладж,по запросу,unknown,unresolved,unknown,unknown,not_verified,unknown,Банг Тао,villa,catalog_generator_candidate,,,ru/wegc-catalog-data.js,market,/ru/podbor.html?project=loft-laguna-villadzh,,not_verified,false,not_verified,resolve_project_and_family_before_commercial_verification,Preserved source index; generator may infer group/district/type from project wording. Not current inventory.
PHK-P-7b495c0546b7,369,loh-palm,Лох Палм,по запросу,unknown,unresolved,unknown,unknown,not_verified,unknown,Кату,condo,catalog_generator_candidate,,,ru/wegc-catalog-data.js,market,/ru/podbor.html?project=loh-palm,,not_verified,false,not_verified,resolve_project_and_family_before_commercial_verification,Preserved source index; generator may infer group/district/type from project wording. Not current inventory.
PHK-P-2dd9ae6a64a1,370,luvr-villas-botanika,Лувр Виллас Ботаника,Botanica Luxury Phuket,Botanica Luxury Villas / AAP,generator_alias_candidate,low,unknown,not_verified,unknown,Банг Тао,villa,catalog_generator_candidate,https://www.botanicaluxuryvilla.com/,,ru/wegc-catalog-data.js,market,/ru/podbor.html?project=luvr-villas-botanika,,not_verified,false,not_verified,resolve_project_and_family_before_commercial_verification,Preserved source index; generator may infer group/district/type from project wording. Not current inventory.
PHK-P-8fcb1491a98d,371,lyuks-praid-3,Люкс Прайд 3,по запросу,unknown,unresolved,unknown,unknown,not_verified,unknown,Банг Тао,condo,catalog_generator_candidate,,,ru/wegc-catalog-data.js,market,/ru/podbor.html?project=lyuks-praid-3,,not_verified,false,not_verified,resolve_project_and_family_before_commercial_verification,Preserved source index; generator may infer group/district/type from project wording. Not current inventory.
PHK-P-1c3c2ea62bd1,372,lyuks-praid-4,Люкс Прайд 4,по запросу,unknown,unresolved,unknown,unknown,not_verified,unknown,Банг Тао,condo,catalog_generator_candidate,,,ru/wegc-catalog-data.js,market,/ru/podbor.html?project=lyuks-praid-4,,not_verified,false,not_verified,resolve_project_and_family_before_commercial_verification,Preserved source index; generator may infer group/district/type from project wording. Not current inventory.
PHK-P-33f4e120f37f,373,lya-vista,Ля Виста,по запросу,unknown,unresolved,unknown,unknown,not_verified,unknown,Ката · Карон,condo,catalog_generator_candidate,,,ru/wegc-catalog-data.js,market,/ru/podbor.html?project=lya-vista,,not_verified,false,not_verified,resolve_project_and_family_before_commercial_verification,Preserved source index; generator may infer group/district/type from project wording. Not current inventory.
PHK-P-bb7f0d4e2e36,374,lya-kolin,Ля Колин,по запросу,unknown,unresolved,unknown,unknown,not_verified,unknown,Лаян,condo,catalog_generator_candidate,,,ru/wegc-catalog-data.js,market,/ru/podbor.html?project=lya-kolin,,not_verified,false,not_verified,resolve_project_and_family_before_commercial_verification,Preserved source index; generator may infer group/district/type from project wording. Not current inventory.
PHK-P-f309cd16c94a,375,maantavan,Маантаван,по запросу,unknown,unresolved,unknown,unknown,not_verified,unknown,Банг Тао,condo,catalog_generator_candidate,,,ru/wegc-catalog-data.js,market,/ru/podbor.html?project=maantavan,,not_verified,false,not_verified,resolve_project_and_family_before_commercial_verification,Preserved source index; generator may infer group/district/type from project wording. Not current inventory.
PHK-P-fa09029b5277,376,maviston-mai-khao,Мавистон Май Кхао,по запросу,unknown,unresolved,unknown,unknown,not_verified,unknown,Май Кхао,condo,catalog_generator_candidate,,,ru/wegc-catalog-data.js,market,/ru/podbor.html?project=maviston-mai-khao,,not_verified,false,not_verified,resolve_project_and_family_before_commercial_verification,Preserved source index; generator may infer group/district/type from project wording. Not current inventory.
PHK-P-d9c1220d0cd4,377,maikao-drim-villa-rezort,Майкао Дрим Вилла Резорт,по запросу,unknown,unresolved,unknown,unknown,not_verified,unknown,Май Кхао,villa,catalog_generator_candidate,,,ru/wegc-catalog-data.js,market,/ru/podbor.html?project=maikao-drim-villa-rezort,,not_verified,false,not_verified,resolve_project_and_family_before_commercial_verification,Preserved source index; generator may infer group/district/type from project wording. Not current inventory.
PHK-P-6b8ba51f0ed5,378,mak-galeri,Мак Галери,по запросу,unknown,unresolved,unknown,unknown,not_verified,unknown,Камала,condo,catalog_generator_candidate,,,ru/wegc-catalog-data.js,market,/ru/podbor.html?project=mak-galeri,,not_verified,false,not_verified,resolve_project_and_family_before_commercial_verification,Preserved source index; generator may infer group/district/type from project wording. Not current inventory.
PHK-P-20421f20ca80,379,malaivana,Малайвана,по запросу,unknown,unresolved,unknown,unknown,not_verified,unknown,Найтон,condo,catalog_generator_candidate,,,ru/wegc-catalog-data.js,market,/ru/podbor.html?project=malaivana,,not_verified,false,not_verified,resolve_project_and_family_before_commercial_verification,Preserved source index; generator may infer group/district/type from project wording. Not current inventory.
PHK-P-f2b6f1af8924,380,mandala-kondominium,Мандала Кондоминиум,по запросу,unknown,unresolved,unknown,unknown,not_verified,unknown,Банг Тао,condo,catalog_generator_candidate,,,ru/wegc-catalog-data.js,market,/ru/podbor.html?project=mandala-kondominium,,not_verified,false,not_verified,resolve_project_and_family_before_commercial_verification,Preserved source index; generator may infer group/district/type from project wording. Not current inventory.
PHK-P-6b9419972ced,381,manik-midous,Маник Мидоус,по запросу,unknown,unresolved,unknown,unknown,not_verified,unknown,Банг Тао,condo,catalog_generator_candidate,,,ru/wegc-catalog-data.js,market,/ru/podbor.html?project=manik-midous,,not_verified,false,not_verified,resolve_project_and_family_before_commercial_verification,Preserved source index; generator may infer group/district/type from project wording. Not current inventory.
PHK-P-95215cf75b95,382,manik-hillsaid,Маник Хиллсайд,по запросу,unknown,unresolved,unknown,unknown,not_verified,unknown,Банг Тао,condo,catalog_generator_candidate,,,ru/wegc-catalog-data.js,market,/ru/podbor.html?project=manik-hillsaid,,not_verified,false,not_verified,resolve_project_and_family_before_commercial_verification,Preserved source index; generator may infer group/district/type from project wording. Not current inventory.
PHK-P-76543e235938,383,manor,Манор,по запросу,unknown,unresolved,unknown,unknown,not_verified,unknown,Банг Тао,condo,catalog_generator_candidate,,,ru/wegc-catalog-data.js,market,/ru/podbor.html?project=manor,,not_verified,false,not_verified,resolve_project_and_family_before_commercial_verification,Preserved source index; generator may infer group/district/type from project wording. Not current inventory.
PHK-P-68b9bfc1e6e5,384,markiz-gardeniya,Маркиз Гардения,по запросу,unknown,unresolved,unknown,unknown,not_verified,unknown,Лаян,condo,catalog_generator_candidate,,,ru/wegc-catalog-data.js,market,/ru/podbor.html?project=markiz-gardeniya,,not_verified,false,not_verified,resolve_project_and_family_before_commercial_verification,Preserved source index; generator may infer group/district/type from project wording. Not current inventory.
PHK-P-6c0170efad7f,385,maunt-mono,Маунт Моно,по запросу,unknown,unresolved,unknown,unknown,not_verified,unknown,Банг Тао,condo,catalog_generator_candidate,,,ru/wegc-catalog-data.js,market,/ru/podbor.html?project=maunt-mono,,not_verified,false,not_verified,resolve_project_and_family_before_commercial_verification,Preserved source index; generator may infer group/district/type from project wording. Not current inventory.
PHK-P-003221ba5acc,386,med-villadzh,Мед Вилладж,по запросу,unknown,unresolved,unknown,unknown,not_verified,unknown,Раваи,villa,catalog_generator_candidate,,,ru/wegc-catalog-data.js,market,/ru/podbor.html?project=med-villadzh,,not_verified,false,not_verified,resolve_project_and_family_before_commercial_verification,Preserved source index; generator may infer group/district/type from project wording. Not current inventory.
PHK-P-9cf2d1af22b1,387,meliya,Мелия,по запросу,unknown,unresolved,unknown,unknown,not_verified,unknown,Ката · Карон,condo,catalog_generator_candidate,,,ru/wegc-catalog-data.js,market,/ru/podbor.html?project=meliya,,not_verified,false,not_verified,resolve_project_and_family_before_commercial_verification,Preserved source index; generator may infer group/district/type from project wording. Not current inventory.
PHK-P-8520bfffac22,388,menara-hills-laksheri-pul-villas,Менара Хиллс Лакшери Пул Виллас,по запросу,unknown,unresolved,unknown,unknown,not_verified,unknown,Банг Тао,villa,catalog_generator_candidate,,,ru/wegc-catalog-data.js,market,/ru/podbor.html?project=menara-hills-laksheri-pul-villas,,not_verified,false,not_verified,resolve_project_and_family_before_commercial_verification,Preserved source index; generator may infer group/district/type from project wording. Not current inventory.
PHK-P-c1fbeea14e28,389,menara-hills-faza-2,Менара Хиллс Фаза 2,по запросу,unknown,unresolved,unknown,unknown,not_verified,unknown,Банг Тао,condo,catalog_generator_candidate,,,ru/wegc-catalog-data.js,market,/ru/podbor.html?project=menara-hills-faza-2,,not_verified,false,not_verified,resolve_project_and_family_before_commercial_verification,Preserved source index; generator may infer group/district/type from project wording. Not current inventory.
PHK-P-b1df7e070bcb,390,mida-surin,Мида Сурин,по запросу,unknown,unresolved,unknown,unknown,not_verified,unknown,Сурин,condo,catalog_generator_candidate,,,ru/wegc-catalog-data.js,market,/ru/podbor.html?project=mida-surin,,not_verified,false,not_verified,resolve_project_and_family_before_commercial_verification,Preserved source index; generator may infer group/district/type from project wording. Not current inventory.
PHK-P-6f550e93493f,391,moana-sereniti,Моана Серенити,по запросу,unknown,unresolved,unknown,unknown,not_verified,unknown,Банг Тао,condo,catalog_generator_candidate,,,ru/wegc-catalog-data.js,market,/ru/podbor.html?project=moana-sereniti,,not_verified,false,not_verified,resolve_project_and_family_before_commercial_verification,Preserved source index; generator may infer group/district/type from project wording. Not current inventory.
PHK-P-e5db48e53842,392,modern-zen,Модерн Зен,по запросу,unknown,unresolved,unknown,unknown,not_verified,unknown,Най Харн,condo,catalog_generator_candidate,,,ru/wegc-catalog-data.js,market,/ru/podbor.html?project=modern-zen,,not_verified,false,not_verified,resolve_project_and_family_before_commercial_verification,Preserved source index; generator may infer group/district/type from project wording. Not current inventory.
PHK-P-446be308664e,393,momentum,Моментум,по запросу,unknown,unresolved,unknown,unknown,not_verified,unknown,Лаян,condo,catalog_generator_candidate,,,ru/wegc-catalog-data.js,market,/ru/podbor.html?project=momentum,,not_verified,false,not_verified,resolve_project_and_family_before_commercial_verification,Preserved source index; generator may infer group/district/type from project wording. Not current inventory.
PHK-P-fb7596ab5e04,394,mono-dzhapaniz-loft,Моно Джапаниз Лофт,по запросу,unknown,unresolved,unknown,unknown,not_verified,unknown,Пхукет,condo,catalog_generator_candidate,,,ru/wegc-catalog-data.js,market,/ru/podbor.html?project=mono-dzhapaniz-loft,,not_verified,false,not_verified,resolve_project_and_family_before_commercial_verification,Preserved source index; generator may infer group/district/type from project wording. Not current inventory.
PHK-P-6d4e3bcdfd56,395,mono-laksheri-villas,Моно Лакшери виллас,по запросу,unknown,unresolved,unknown,unknown,not_verified,unknown,Банг Тао,villa,catalog_generator_candidate,,,ru/wegc-catalog-data.js,market,/ru/podbor.html?project=mono-laksheri-villas,,not_verified,false,not_verified,resolve_project_and_family_before_commercial_verification,Preserved source index; generator may infer group/district/type from project wording. Not current inventory.
PHK-P-756f0c5078e0,396,mono-oksidzhen-bangtao,Моно Оксиджен Бангтао,по запросу,unknown,unresolved,unknown,unknown,not_verified,unknown,Банг Тао,condo,catalog_generator_candidate,,,ru/wegc-catalog-data.js,market,/ru/podbor.html?project=mono-oksidzhen-bangtao,,not_verified,false,not_verified,resolve_project_and_family_before_commercial_verification,Preserved source index; generator may infer group/district/type from project wording. Not current inventory.
PHK-P-be80eafa57ed,397,mono-champaka,Моно Чампака,по запросу,unknown,unresolved,unknown,unknown,not_verified,unknown,Лаян,condo,catalog_generator_candidate,,,ru/wegc-catalog-data.js,market,/ru/podbor.html?project=mono-champaka,,not_verified,false,not_verified,resolve_project_and_family_before_commercial_verification,Preserved source index; generator may infer group/district/type from project wording. Not current inventory.
PHK-P-aa4589fddf01,398,montazur-leiksaid,МонтАзур Лэйксайд,по запросу,unknown,unresolved,unknown,unknown,not_verified,unknown,Камала,condo,catalog_generator_candidate,,,ru/wegc-catalog-data.js,market,/ru/podbor.html?project=montazur-leiksaid,,not_verified,false,not_verified,resolve_project_and_family_before_commercial_verification,Preserved source index; generator may infer group/district/type from project wording. Not current inventory.
PHK-P-352de8ebb65e,399,mori-ze-vallei,Мори Зе Валлей,по запросу,unknown,unresolved,unknown,unknown,not_verified,unknown,Банг Тао,condo,catalog_generator_candidate,,,ru/wegc-catalog-data.js,market,/ru/podbor.html?project=mori-ze-vallei,,not_verified,false,not_verified,resolve_project_and_family_before_commercial_verification,Preserved source index; generator may infer group/district/type from project wording. Not current inventory.
PHK-P-8013de859781,400,mori-manor,Мори Манор,по запросу,unknown,unresolved,unknown,unknown,not_verified,unknown,Банг Тао,condo,catalog_generator_candidate,,,ru/wegc-catalog-data.js,market,/ru/podbor.html?project=mori-manor,,not_verified,false,not_verified,resolve_project_and_family_before_commercial_verification,Preserved source index; generator may infer group/district/type from project wording. Not current inventory.
PHK-P-8c89d560ca0d,401,mouana-mai-khao,Моуана Май Кхао,по запросу,unknown,unresolved,unknown,unknown,not_verified,unknown,Май Кхао,condo,catalog_generator_candidate,,,ru/wegc-catalog-data.js,market,/ru/podbor.html?project=mouana-mai-khao,,not_verified,false,not_verified,resolve_project_and_family_before_commercial_verification,Preserved source index; generator may infer group/district/type from project wording. Not current inventory.
PHK-P-6b92819d9c27,402,muvenpik-bangtao,Мувенпик Бангтао,по запросу,unknown,unresolved,unknown,unknown,not_verified,unknown,Банг Тао,condo,catalog_generator_candidate,,,ru/wegc-catalog-data.js,market,/ru/podbor.html?project=muvenpik-bangtao,,not_verified,false,not_verified,resolve_project_and_family_before_commercial_verification,Preserved source index; generator may infer group/district/type from project wording. Not current inventory.
PHK-P-1cc6ddd2b394,403,mutti-femili-villas,Мутти Фэмили Виллас,по запросу,unknown,unresolved,unknown,unknown,not_verified,unknown,Чалонг,villa,catalog_generator_candidate,,,ru/wegc-catalog-data.js,market,/ru/podbor.html?project=mutti-femili-villas,,not_verified,false,not_verified,resolve_project_and_family_before_commercial_verification,Preserved source index; generator may infer group/district/type from project wording. Not current inventory.
PHK-P-0de67068e739,404,meison-skai-villa,Мэйсон Скай Вилла,по запросу,unknown,unresolved,unknown,unknown,not_verified,unknown,Май Кхао,villa,catalog_generator_candidate,,,ru/wegc-catalog-data.js,market,/ru/podbor.html?project=meison-skai-villa,,not_verified,false,not_verified,resolve_project_and_family_before_commercial_verification,Preserved source index; generator may infer group/district/type from project wording. Not current inventory.
PHK-P-105113b29d05,405,naiton-kondominimum,Найтон Кондоминимум,по запросу,unknown,unresolved,unknown,unknown,not_verified,unknown,Найтон,condo,catalog_generator_candidate,,,ru/wegc-catalog-data.js,market,/ru/podbor.html?project=naiton-kondominimum,,not_verified,false,not_verified,resolve_project_and_family_before_commercial_verification,Preserved source index; generator may infer group/district/type from project wording. Not current inventory.
PHK-P-1c04dbaebad8,406,naiya,Найя,по запросу,unknown,unresolved,unknown,unknown,not_verified,unknown,Раваи,condo,catalog_generator_candidate,,,ru/wegc-catalog-data.js,market,/ru/podbor.html?project=naiya,,not_verified,false,not_verified,resolve_project_and_family_before_commercial_verification,Preserved source index; generator may infer group/district/type from project wording. Not current inventory.
PHK-P-43bb31a56129,407,naka-bei-kondo,Нака Бей Кондо,по запросу,unknown,unresolved,unknown,unknown,not_verified,unknown,Камала,condo,catalog_generator_candidate,,,ru/wegc-catalog-data.js,market,/ru/podbor.html?project=naka-bei-kondo,,not_verified,false,not_verified,resolve_project_and_family_before_commercial_verification,Preserved source index; generator may infer group/district/type from project wording. Not current inventory.
PHK-P-c4a79cd70454,408,nakalai-palm,Накалай Палм,по запросу,unknown,unresolved,unknown,unknown,not_verified,unknown,Калим,condo,catalog_generator_candidate,,,ru/wegc-catalog-data.js,market,/ru/podbor.html?project=nakalai-palm,,not_verified,false,not_verified,resolve_project_and_family_before_commercial_verification,Preserved source index; generator may infer group/district/type from project wording. Not current inventory.
PHK-P-d33b57a19b2a,409,nakara-grand-lyuks-villy,Накара Гранд Люкс Виллы,по запросу,unknown,unresolved,unknown,unknown,not_verified,unknown,Банг Тао,villa,catalog_generator_candidate,,,ru/wegc-catalog-data.js,market,/ru/podbor.html?project=nakara-grand-lyuks-villy,,not_verified,false,not_verified,resolve_project_and_family_before_commercial_verification,Preserved source index; generator may infer group/district/type from project wording. Not current inventory.
PHK-P-0968324029f1,410,narana-villa,Нарана Вилла,по запросу,unknown,unresolved,unknown,unknown,not_verified,unknown,Май Кхао,villa,catalog_generator_candidate,,,ru/wegc-catalog-data.js,market,/ru/podbor.html?project=narana-villa,,not_verified,false,not_verified,resolve_project_and_family_before_commercial_verification,Preserved source index; generator may infer group/district/type from project wording. Not current inventory.
PHK-P-1cc4657645d3,411,natural-park,Натурал Парк,по запросу,unknown,unresolved,unknown,unknown,not_verified,unknown,Камала,condo,catalog_generator_candidate,,,ru/wegc-catalog-data.js,market,/ru/podbor.html?project=natural-park,,not_verified,false,not_verified,resolve_project_and_family_before_commercial_verification,Preserved source index; generator may infer group/district/type from project wording. Not current inventory.
PHK-P-72d23c69c8be,412,naturale-kamala,Натурале Камала,Naturale,Naturale,generator_alias_candidate,low,unknown,not_verified,unknown,Камала,condo,catalog_generator_candidate,,,ru/wegc-catalog-data.js,market,/ru/podbor.html?project=naturale-kamala,,not_verified,false,not_verified,resolve_project_and_family_before_commercial_verification,Preserved source index; generator may infer group/district/type from project wording. Not current inventory.
PHK-P-1a6743a2b97e,413,naturale-cherngtalei,Натурале Чернгталей,Naturale,Naturale,generator_alias_candidate,low,unknown,not_verified,unknown,Чернг Талай,condo,catalog_generator_candidate,,,ru/wegc-catalog-data.js,market,/ru/podbor.html?project=naturale-cherngtalei,,not_verified,false,not_verified,resolve_project_and_family_before_commercial_verification,Preserved source index; generator may infer group/district/type from project wording. Not current inventory.
PHK-P-0baa08f7db38,414,neicherz-nest,Нейчерз Нэст,по запросу,unknown,unresolved,unknown,unknown,not_verified,unknown,Банг Тао,condo,catalog_generator_candidate,,,ru/wegc-catalog-data.js,market,/ru/podbor.html?project=neicherz-nest,,not_verified,false,not_verified,resolve_project_and_family_before_commercial_verification,Preserved source index; generator may infer group/district/type from project wording. Not current inventory.
PHK-P-ecfb7d968de5,415,neicherz-nest-sayuan,Нейчерз Нэст Саюань,по запросу,unknown,unresolved,unknown,unknown,not_verified,unknown,Най Харн,condo,catalog_generator_candidate,,,ru/wegc-catalog-data.js,market,/ru/podbor.html?project=neicherz-nest-sayuan,,not_verified,false,not_verified,resolve_project_and_family_before_commercial_verification,Preserved source index; generator may infer group/district/type from project wording. Not current inventory.
PHK-P-a2ae108e6853,416,niki-villas,Ники Виллас,по запросу,unknown,unresolved,unknown,unknown,not_verified,unknown,Банг Тао,villa,catalog_generator_candidate,,,ru/wegc-catalog-data.js,market,/ru/podbor.html?project=niki-villas,,not_verified,false,not_verified,resolve_project_and_family_before_commercial_verification,Preserved source index; generator may infer group/district/type from project wording. Not current inventory.
PHK-P-2e97311babbc,417,nish-villas,Ниш Виллас,по запросу,unknown,unresolved,unknown,unknown,not_verified,unknown,Най Харн,villa,catalog_generator_candidate,,,ru/wegc-catalog-data.js,market,/ru/podbor.html?project=nish-villas,,not_verified,false,not_verified,resolve_project_and_family_before_commercial_verification,Preserved source index; generator may infer group/district/type from project wording. Not current inventory.
PHK-P-e3fd930d5f26,418,nekst-point-ravai,Нэкст Пойнт Раваи,по запросу,unknown,unresolved,unknown,unknown,not_verified,unknown,Раваи,condo,catalog_generator_candidate,,,ru/wegc-catalog-data.js,market,/ru/podbor.html?project=nekst-point-ravai,,not_verified,false,not_verified,resolve_project_and_family_before_commercial_verification,Preserved source index; generator may infer group/district/type from project wording. Not current inventory.
PHK-P-848335a456c5,419,oazis-villy,Оазис Виллы,по запросу,unknown,unresolved,unknown,unknown,not_verified,unknown,Банг Тао,villa,catalog_generator_candidate,,,ru/wegc-catalog-data.js,market,/ru/podbor.html?project=oazis-villy,,not_verified,false,not_verified,resolve_project_and_family_before_commercial_verification,Preserved source index; generator may infer group/district/type from project wording. Not current inventory.
PHK-P-23ea52470679,420,overluking-laiyan,Оверлукинг Лайян,по запросу,unknown,unresolved,unknown,unknown,not_verified,unknown,Банг Тао,condo,catalog_generator_candidate,,,ru/wegc-catalog-data.js,market,/ru/podbor.html?project=overluking-laiyan,,not_verified,false,not_verified,resolve_project_and_family_before_commercial_verification,Preserved source index; generator may infer group/district/type from project wording. Not current inventory.
PHK-P-c437af8a118b,421,ozon-villas,Озон Виллас,The Ozone,The Ozone Group Phuket,generator_alias_candidate,low,unknown,not_verified,unknown,Банг Тао,villa,catalog_generator_candidate,https://ozonephuket.com/,,ru/wegc-catalog-data.js,market,/ru/podbor.html?project=ozon-villas,,not_verified,false,not_verified,resolve_project_and_family_before_commercial_verification,Preserved source index; generator may infer group/district/type from project wording. Not current inventory.
PHK-P-8ce421fae8d5,422,ozon-kampus,Озон Кампус,The Ozone,The Ozone Group Phuket,generator_alias_candidate,low,unknown,not_verified,unknown,Банг Тао,condo,catalog_generator_candidate,https://ozonephuket.com/,,ru/wegc-catalog-data.js,market,/ru/podbor.html?project=ozon-kampus,,not_verified,false,not_verified,resolve_project_and_family_before_commercial_verification,Preserved source index; generator may infer group/district/type from project wording. Not current inventory.
PHK-P-f2ffee3d6a85,423,ozon-kondo,Озон Кондо,The Ozone,The Ozone Group Phuket,generator_alias_candidate,low,unknown,not_verified,unknown,Банг Тао,condo,catalog_generator_candidate,https://ozonephuket.com/,,ru/wegc-catalog-data.js,market,/ru/podbor.html?project=ozon-kondo,,not_verified,false,not_verified,resolve_project_and_family_before_commercial_verification,Preserved source index; generator may infer group/district/type from project wording. Not current inventory.
PHK-P-307d5965a739,424,ozon-oazis-kondominium,Озон Оазис Кондоминиум,The Ozone,The Ozone Group Phuket,generator_alias_candidate,low,unknown,not_verified,unknown,Банг Тао,condo,catalog_generator_candidate,https://ozonephuket.com/,,ru/wegc-catalog-data.js,market,/ru/podbor.html?project=ozon-oazis-kondominium,,not_verified,false,not_verified,resolve_project_and_family_before_commercial_verification,Preserved source index; generator may infer group/district/type from project wording. Not current inventory.
PHK-P-8f1bafb01ae1,425,oksidzhen,Оксиджен,по запросу,unknown,unresolved,unknown,unknown,not_verified,unknown,Най Харн,condo,catalog_generator_candidate,,,ru/wegc-catalog-data.js,market,/ru/podbor.html?project=oksidzhen,,not_verified,false,not_verified,resolve_project_and_family_before_commercial_verification,Preserved source index; generator may infer group/district/type from project wording. Not current inventory.
PHK-P-b92b02cdd53a,426,oniks,Оникс,по запросу,unknown,unresolved,unknown,unknown,not_verified,unknown,Най Харн,condo,catalog_generator_candidate,,,ru/wegc-catalog-data.js,market,/ru/podbor.html?project=oniks,,not_verified,false,not_verified,resolve_project_and_family_before_commercial_verification,Preserved source index; generator may infer group/district/type from project wording. Not current inventory.
PHK-P-6dcd7fee487e,427,orbita-villas,Орбита виллас,по запросу,unknown,unresolved,unknown,unknown,not_verified,unknown,Раваи,villa,catalog_generator_candidate,,,ru/wegc-catalog-data.js,market,/ru/podbor.html?project=orbita-villas,,not_verified,false,not_verified,resolve_project_and_family_before_commercial_verification,Preserved source index; generator may infer group/district/type from project wording. Not current inventory.
PHK-P-4f70190439ba,428,orchard-villas,Орчард Виллас,по запросу,unknown,unresolved,unknown,unknown,not_verified,unknown,Банг Тао,villa,catalog_generator_candidate,,,ru/wegc-catalog-data.js,market,/ru/podbor.html?project=orchard-villas,,not_verified,false,not_verified,resolve_project_and_family_before_commercial_verification,Preserved source index; generator may infer group/district/type from project wording. Not current inventory.
PHK-P-45c126694b5f,429,otel-banyan-tree,Отель Banyan Tree,Laguna / Banyan,unknown,unmapped_raw_developer_candidate,unknown,unknown,not_verified,unknown,Банг Тао,condo,catalog_generator_candidate,,,ru/wegc-catalog-data.js,market,/ru/podbor.html?project=otel-banyan-tree,,not_verified,false,not_verified,resolve_project_and_family_before_commercial_verification,Preserved source index; generator may infer group/district/type from project wording. Not current inventory.
PHK-P-5e06e291f87c,430,oushen-briz,Оушен Бриз,по запросу,unknown,unresolved,unknown,unknown,not_verified,unknown,Банг Тао,condo,catalog_generator_candidate,,,ru/wegc-catalog-data.js,market,/ru/podbor.html?project=oushen-briz,,not_verified,false,not_verified,resolve_project_and_family_before_commercial_verification,Preserved source index; generator may infer group/district/type from project wording. Not current inventory.
PHK-P-17aab93099a0,431,oushen-palms,Оушен Палмс,по запросу,unknown,unresolved,unknown,unknown,not_verified,unknown,Банг Тао,condo,catalog_generator_candidate,,,ru/wegc-catalog-data.js,market,/ru/podbor.html?project=oushen-palms,,not_verified,false,not_verified,resolve_project_and_family_before_commercial_verification,Preserved source index; generator may infer group/district/type from project wording. Not current inventory.
PHK-P-6440099efc78,432,oushen-stoun,Оушен Стоун,по запросу,unknown,unresolved,unknown,unknown,not_verified,unknown,Банг Тао,condo,catalog_generator_candidate,,,ru/wegc-catalog-data.js,market,/ru/podbor.html?project=oushen-stoun,,not_verified,false,not_verified,resolve_project_and_family_before_commercial_verification,Preserved source index; generator may infer group/district/type from project wording. Not current inventory.
PHK-P-607de76aec4b,433,osheana-kamala-rezort,Ошеана Камала Резорт,по запросу,unknown,unresolved,unknown,unknown,not_verified,unknown,Камала,condo,catalog_generator_candidate,,,ru/wegc-catalog-data.js,market,/ru/podbor.html?project=osheana-kamala-rezort,,not_verified,false,not_verified,resolve_project_and_family_before_commercial_verification,Preserved source index; generator may infer group/district/type from project wording. Not current inventory.
PHK-P-1d6184d2e6e7,434,pavara,Павара,по запросу,unknown,unresolved,unknown,unknown,not_verified,unknown,Лаян,condo,catalog_generator_candidate,,,ru/wegc-catalog-data.js,market,/ru/podbor.html?project=pavara,,not_verified,false,not_verified,resolve_project_and_family_before_commercial_verification,Preserved source index; generator may infer group/district/type from project wording. Not current inventory.
PHK-P-c9c690f75a80,435,pavara-layan,Павара Лаян,по запросу,unknown,unresolved,unknown,unknown,not_verified,unknown,Лаян,condo,catalog_generator_candidate,,,ru/wegc-catalog-data.js,market,/ru/podbor.html?project=pavara-layan,,not_verified,false,not_verified,resolve_project_and_family_before_commercial_verification,Preserved source index; generator may infer group/district/type from project wording. Not current inventory.
PHK-P-6e957318cb8a,436,pavillions,Павиллионс,по запросу,unknown,unresolved,unknown,unknown,not_verified,unknown,Банг Тао,villa,catalog_generator_candidate,,,ru/wegc-catalog-data.js,market,/ru/podbor.html?project=pavillions,,not_verified,false,not_verified,resolve_project_and_family_before_commercial_verification,Preserved source index; generator may infer group/district/type from project wording. Not current inventory.
PHK-P-e55f5569e32e,437,palm-briz,Палм Бриз,по запросу,unknown,unresolved,unknown,unknown,not_verified,unknown,Най Харн,condo,catalog_generator_candidate,,,ru/wegc-catalog-data.js,market,/ru/podbor.html?project=palm-briz,,not_verified,false,not_verified,resolve_project_and_family_before_commercial_verification,Preserved source index; generator may infer group/district/type from project wording. Not current inventory.
PHK-P-3595afeb08ce,438,palm-spring-kondo,Палм Спринг Кондо,по запросу,unknown,unresolved,unknown,unknown,not_verified,unknown,Патонг,condo,catalog_generator_candidate,,,ru/wegc-catalog-data.js,market,/ru/podbor.html?project=palm-spring-kondo,,not_verified,false,not_verified,resolve_project_and_family_before_commercial_verification,Preserved source index; generator may infer group/district/type from project wording. Not current inventory.
PHK-P-7819e00a84e9,439,palmetto,Пальметто,по запросу,unknown,unresolved,unknown,unknown,not_verified,unknown,Ката · Карон,condo,catalog_generator_candidate,,,ru/wegc-catalog-data.js,market,/ru/podbor.html?project=palmetto,,not_verified,false,not_verified,resolve_project_and_family_before_commercial_verification,Preserved source index; generator may infer group/district/type from project wording. Not current inventory.
PHK-P-17a37170275a,440,palmetto-park,Пальметто Парк,по запросу,unknown,unresolved,unknown,unknown,not_verified,unknown,Ката · Карон,condo,catalog_generator_candidate,,,ru/wegc-catalog-data.js,market,/ru/podbor.html?project=palmetto-park,,not_verified,false,not_verified,resolve_project_and_family_before_commercial_verification,Preserved source index; generator may infer group/district/type from project wording. Not current inventory.
PHK-P-51479d90dd18,441,palmira,Пальмира,по запросу,unknown,unresolved,unknown,unknown,not_verified,unknown,Сурин,condo,catalog_generator_candidate,,,ru/wegc-catalog-data.js,market,/ru/podbor.html?project=palmira,,not_verified,false,not_verified,resolve_project_and_family_before_commercial_verification,Preserved source index; generator may infer group/district/type from project wording. Not current inventory.
PHK-P-5a7b2e919d9e,442,pandora,Пандора,по запросу,unknown,unresolved,unknown,unknown,not_verified,unknown,Раваи,condo,catalog_generator_candidate,,,ru/wegc-catalog-data.js,market,/ru/podbor.html?project=pandora,,not_verified,false,not_verified,resolve_project_and_family_before_commercial_verification,Preserved source index; generator may infer group/district/type from project wording. Not current inventory.
PHK-P-74875d95ee14,443,park-rezidens,Парк Резиденс,по запросу,unknown,unresolved,unknown,unknown,not_verified,unknown,Лаян,condo,catalog_generator_candidate,,,ru/wegc-catalog-data.js,market,/ru/podbor.html?project=park-rezidens,,not_verified,false,not_verified,resolve_project_and_family_before_commercial_verification,Preserved source index; generator may infer group/district/type from project wording. Not current inventory.
PHK-P-c9d286e04e64,444,patong-bei-rezidens,Патонг Бей Резиденс,по запросу,unknown,unresolved,unknown,unknown,not_verified,unknown,Патонг,condo,catalog_generator_candidate,,,ru/wegc-catalog-data.js,market,/ru/podbor.html?project=patong-bei-rezidens,,not_verified,false,not_verified,resolve_project_and_family_before_commercial_verification,Preserved source index; generator may infer group/district/type from project wording. Not current inventory.
PHK-P-e6ed0c86fc92,445,patong-bei-hill,Патонг Бэй Хилл,по запросу,unknown,unresolved,unknown,unknown,not_verified,unknown,Патонг,condo,catalog_generator_candidate,,,ru/wegc-catalog-data.js,market,/ru/podbor.html?project=patong-bei-hill,,not_verified,false,not_verified,resolve_project_and_family_before_commercial_verification,Preserved source index; generator may infer group/district/type from project wording. Not current inventory.
PHK-P-23ab9e2c0026,446,patong-loft,Патонг Лофт,по запросу,unknown,unresolved,unknown,unknown,not_verified,unknown,Патонг,condo,catalog_generator_candidate,,,ru/wegc-catalog-data.js,market,/ru/podbor.html?project=patong-loft,,not_verified,false,not_verified,resolve_project_and_family_before_commercial_verification,Preserved source index; generator may infer group/district/type from project wording. Not current inventory.
PHK-P-470df7bf29b7,447,peika-villas,Пейка Виллас,по запросу,unknown,unresolved,unknown,unknown,not_verified,unknown,Банг Тао,villa,catalog_generator_candidate,,,ru/wegc-catalog-data.js,market,/ru/podbor.html?project=peika-villas,,not_verified,false,not_verified,resolve_project_and_family_before_commercial_verification,Preserved source index; generator may infer group/district/type from project wording. Not current inventory.
PHK-P-8b002a86bdaa,448,peika-esteit-villas,Пейка Эстэйт Виллас,по запросу,unknown,unresolved,unknown,unknown,not_verified,unknown,Банг Тао,villa,catalog_generator_candidate,,,ru/wegc-catalog-data.js,market,/ru/podbor.html?project=peika-esteit-villas,,not_verified,false,not_verified,resolve_project_and_family_before_commercial_verification,Preserved source index; generator may infer group/district/type from project wording. Not current inventory.
PHK-P-7342ec41394b,449,peila-phuket-bangtao,Пейла Пхукет Бангтао,по запросу,unknown,unresolved,unknown,unknown,not_verified,unknown,Банг Тао,condo,catalog_generator_candidate,,,ru/wegc-catalog-data.js,market,/ru/podbor.html?project=peila-phuket-bangtao,,not_verified,false,not_verified,resolve_project_and_family_before_commercial_verification,Preserved source index; generator may infer group/district/type from project wording. Not current inventory.
PHK-P-0ec1e7281b1d,450,perl-of-naiton,Перл оф Найтон,по запросу,unknown,unresolved,unknown,unknown,not_verified,unknown,Найтон,condo,catalog_generator_candidate,,,ru/wegc-catalog-data.js,market,/ru/podbor.html?project=perl-of-naiton,,not_verified,false,not_verified,resolve_project_and_family_before_commercial_verification,Preserved source index; generator may infer group/district/type from project wording. Not current inventory.
PHK-P-e83a164e7954,451,petit-taikun,Петит Тайкун,по запросу,unknown,unresolved,unknown,unknown,not_verified,unknown,Сурин,condo,catalog_generator_candidate,,,ru/wegc-catalog-data.js,market,/ru/podbor.html?project=petit-taikun,,not_verified,false,not_verified,resolve_project_and_family_before_commercial_verification,Preserved source index; generator may infer group/district/type from project wording. Not current inventory.
PHK-P-84d528533b1c,452,pirunda-villas-chalong,Пирунда Виллас Чалонг,по запросу,unknown,unresolved,unknown,unknown,not_verified,unknown,Чалонг,villa,catalog_generator_candidate,,,ru/wegc-catalog-data.js,market,/ru/podbor.html?project=pirunda-villas-chalong,,not_verified,false,not_verified,resolve_project_and_family_before_commercial_verification,Preserved source index; generator may infer group/district/type from project wording. Not current inventory.
PHK-P-dd12e947d106,453,planteishn-kamala,Плантейшн Камала,по запросу,unknown,unresolved,unknown,unknown,not_verified,unknown,Камала,condo,catalog_generator_candidate,,,ru/wegc-catalog-data.js,market,/ru/podbor.html?project=planteishn-kamala,,not_verified,false,not_verified,resolve_project_and_family_before_commercial_verification,Preserved source index; generator may infer group/district/type from project wording. Not current inventory.
PHK-P-6708df8678ac,454,platinum-bei,Платинум Бей,по запросу,unknown,unresolved,unknown,unknown,not_verified,unknown,Камала,condo,catalog_generator_candidate,,,ru/wegc-catalog-data.js,market,/ru/podbor.html?project=platinum-bei,,not_verified,false,not_verified,resolve_project_and_family_before_commercial_verification,Preserved source index; generator may infer group/district/type from project wording. Not current inventory.
PHK-P-b6e674cded12,455,platinum-rezidens,Платинум Резиденс,по запросу,unknown,unresolved,unknown,unknown,not_verified,unknown,Раваи,condo,catalog_generator_candidate,,,ru/wegc-catalog-data.js,market,/ru/podbor.html?project=platinum-rezidens,,not_verified,false,not_verified,resolve_project_and_family_before_commercial_verification,Preserved source index; generator may infer group/district/type from project wording. Not current inventory.
PHK-P-f81e0dc8c7c1,456,poetri-villas-bangtao,Поэтри Виллас Бангтао,по запросу,unknown,unresolved,unknown,unknown,not_verified,unknown,Банг Тао,villa,catalog_generator_candidate,,,ru/wegc-catalog-data.js,market,/ru/podbor.html?project=poetri-villas-bangtao,,not_verified,false,not_verified,resolve_project_and_family_before_commercial_verification,Preserved source index; generator may infer group/district/type from project wording. Not current inventory.
PHK-P-7e3ef5542e3b,457,praim-villas-si-sunton,Прайм Виллас Си Сунтон,по запросу,unknown,unresolved,unknown,unknown,not_verified,unknown,Таланг,villa,catalog_generator_candidate,,,ru/wegc-catalog-data.js,market,/ru/podbor.html?project=praim-villas-si-sunton,,not_verified,false,not_verified,resolve_project_and_family_before_commercial_verification,Preserved source index; generator may infer group/district/type from project wording. Not current inventory.
PHK-P-fbd85d04b94e,458,praim-pano,Прайм Пано,по запросу,unknown,unresolved,unknown,unknown,not_verified,unknown,Банг Тао,condo,catalog_generator_candidate,,,ru/wegc-catalog-data.js,market,/ru/podbor.html?project=praim-pano,,not_verified,false,not_verified,resolve_project_and_family_before_commercial_verification,Preserved source index; generator may infer group/district/type from project wording. Not current inventory.
PHK-P-f40cf2295907,459,praud-karon,Прауд Карон,по запросу,unknown,unresolved,unknown,unknown,not_verified,unknown,Ката · Карон,condo,catalog_generator_candidate,,,ru/wegc-catalog-data.js,market,/ru/podbor.html?project=praud-karon,,not_verified,false,not_verified,resolve_project_and_family_before_commercial_verification,Preserved source index; generator may infer group/district/type from project wording. Not current inventory.
PHK-P-05c9dfa0e1d2,460,praud-ravai,Прауд Раваи,по запросу,unknown,unresolved,unknown,unknown,not_verified,unknown,Раваи,condo,catalog_generator_candidate,,,ru/wegc-catalog-data.js,market,/ru/podbor.html?project=praud-ravai,,not_verified,false,not_verified,resolve_project_and_family_before_commercial_verification,Preserved source index; generator may infer group/district/type from project wording. Not current inventory.
PHK-P-f39e40d14697,461,prekrasnaya-villa-na-ravai-vozle-morya,Прекрасная вилла на Раваи возле моря,по запросу,unknown,unresolved,unknown,unknown,not_verified,unknown,Раваи,villa,catalog_generator_candidate,,,ru/wegc-catalog-data.js,market,/ru/podbor.html?project=prekrasnaya-villa-na-ravai-vozle-morya,,not_verified,false,not_verified,resolve_project_and_family_before_commercial_verification,Preserved source index; generator may infer group/district/type from project wording. Not current inventory.
PHK-P-4648d45b14c1,462,priva-golf-kors,Прива гольф корс,по запросу,unknown,unresolved,unknown,unknown,not_verified,unknown,Банг Тао,condo,catalog_generator_candidate,,,ru/wegc-catalog-data.js,market,/ru/podbor.html?project=priva-golf-kors,,not_verified,false,not_verified,resolve_project_and_family_before_commercial_verification,Preserved source index; generator may infer group/district/type from project wording. Not current inventory.
PHK-P-56d370834d92,463,prima-villa-karon,Прима Вилла Карон,по запросу,unknown,unresolved,unknown,unknown,not_verified,unknown,Ката · Карон,villa,catalog_generator_candidate,,,ru/wegc-catalog-data.js,market,/ru/podbor.html?project=prima-villa-karon,,not_verified,false,not_verified,resolve_project_and_family_before_commercial_verification,Preserved source index; generator may infer group/district/type from project wording. Not current inventory.
PHK-P-a53fcdbb6dad,464,proksima-villas,Проксима Виллас,по запросу,unknown,unresolved,unknown,unknown,not_verified,unknown,Банг Тао,villa,catalog_generator_candidate,,,ru/wegc-catalog-data.js,market,/ru/podbor.html?project=proksima-villas,,not_verified,false,not_verified,resolve_project_and_family_before_commercial_verification,Preserved source index; generator may infer group/district/type from project wording. Not current inventory.
PHK-P-90f703293bd0,465,punisa-bangdzho,Пуниса Бангджо,по запросу,unknown,unresolved,unknown,unknown,not_verified,unknown,Банг Тао,condo,catalog_generator_candidate,,,ru/wegc-catalog-data.js,market,/ru/podbor.html?project=punisa-bangdzho,,not_verified,false,not_verified,resolve_project_and_family_before_commercial_verification,Preserved source index; generator may infer group/district/type from project wording. Not current inventory.
PHK-P-97947b4e616e,466,phuket-kantri-klab,Пхукет Кантри Клаб,по запросу,unknown,unresolved,unknown,unknown,not_verified,unknown,Кату,condo,catalog_generator_candidate,,,ru/wegc-catalog-data.js,market,/ru/podbor.html?project=phuket-kantri-klab,,not_verified,false,not_verified,resolve_project_and_family_before_commercial_verification,Preserved source index; generator may infer group/district/type from project wording. Not current inventory.
PHK-P-3e2537d1c41a,467,phurisala,Пхурисала,по запросу,unknown,unresolved,unknown,unknown,not_verified,unknown,Банг Тао,condo,catalog_generator_candidate,,,ru/wegc-catalog-data.js,market,/ru/podbor.html?project=phurisala,,not_verified,false,not_verified,resolve_project_and_family_before_commercial_verification,Preserved source index; generator may infer group/district/type from project wording. Not current inventory.
PHK-P-c67322e98194,468,pyatyi-element,Пятый элемент,по запросу,unknown,unresolved,unknown,unknown,not_verified,unknown,Банг Тао,condo,catalog_generator_candidate,,,ru/wegc-catalog-data.js,market,/ru/podbor.html?project=pyatyi-element,,not_verified,false,not_verified,resolve_project_and_family_before_commercial_verification,Preserved source index; generator may infer group/district/type from project wording. Not current inventory.
PHK-P-400679206d73,469,ravai-villas,Равай Виллас,по запросу,unknown,unresolved,unknown,unknown,not_verified,unknown,Раваи,villa,catalog_generator_candidate,,,ru/wegc-catalog-data.js,market,/ru/podbor.html?project=ravai-villas,,not_verified,false,not_verified,resolve_project_and_family_before_commercial_verification,Preserved source index; generator may infer group/district/type from project wording. Not current inventory.
PHK-P-b3ead66f732b,470,ravai-grand-haus,Равай Гранд Хаус,по запросу,unknown,unresolved,unknown,unknown,not_verified,unknown,Раваи,condo,catalog_generator_candidate,,,ru/wegc-catalog-data.js,market,/ru/podbor.html?project=ravai-grand-haus,,not_verified,false,not_verified,resolve_project_and_family_before_commercial_verification,Preserved source index; generator may infer group/district/type from project wording. Not current inventory.
PHK-P-550b0ed1d585,471,rak-tavan,Рак Таван,по запросу,unknown,unresolved,unknown,unknown,not_verified,unknown,Сурин,condo,catalog_generator_candidate,,,ru/wegc-catalog-data.js,market,/ru/podbor.html?project=rak-tavan,,not_verified,false,not_verified,resolve_project_and_family_before_commercial_verification,Preserved source index; generator may infer group/district/type from project wording. Not current inventory.
PHK-P-3530ffdc77a0,472,re-laif,Ре Лайф,по запросу,unknown,unresolved,unknown,unknown,not_verified,unknown,Най Харн,condo,catalog_generator_candidate,,,ru/wegc-catalog-data.js,market,/ru/podbor.html?project=re-laif,,not_verified,false,not_verified,resolve_project_and_family_before_commercial_verification,Preserved source index; generator may infer group/district/type from project wording. Not current inventory.
PHK-P-f891d53a4695,473,redzhent-bangtao,Реджент Бангтао,по запросу,unknown,unresolved,unknown,unknown,not_verified,unknown,Банг Тао,condo,catalog_generator_candidate,,,ru/wegc-catalog-data.js,market,/ru/podbor.html?project=redzhent-bangtao,,not_verified,false,not_verified,resolve_project_and_family_before_commercial_verification,Preserved source index; generator may infer group/district/type from project wording. Not current inventory.
PHK-P-ead9ab1785b6,474,redzhent-kamala,Реджент Камала,по запросу,unknown,unresolved,unknown,unknown,not_verified,unknown,Камала,condo,catalog_generator_candidate,,,ru/wegc-catalog-data.js,market,/ru/podbor.html?project=redzhent-kamala,,not_verified,false,not_verified,resolve_project_and_family_before_commercial_verification,Preserved source index; generator may infer group/district/type from project wording. Not current inventory.
PHK-P-cac77833d6fe,475,rezidentsii-interkontinental-kamala,Резиденции Интерконтиненталь Камала,по запросу,unknown,unresolved,unknown,unknown,not_verified,unknown,Камала,condo,catalog_generator_candidate,,,ru/wegc-catalog-data.js,market,/ru/podbor.html?project=rezidentsii-interkontinental-kamala,,not_verified,false,not_verified,resolve_project_and_family_before_commercial_verification,Preserved source index; generator may infer group/district/type from project wording. Not current inventory.
PHK-P-00119fe560c6,476,reinpalm-villas-bangtao,Рейнпальм Виллас Бангтао,по запросу,unknown,unresolved,unknown,unknown,not_verified,unknown,Банг Тао,villa,catalog_generator_candidate,,,ru/wegc-catalog-data.js,market,/ru/podbor.html?project=reinpalm-villas-bangtao,,not_verified,false,not_verified,resolve_project_and_family_before_commercial_verification,Preserved source index; generator may infer group/district/type from project wording. Not current inventory.
PHK-P-38d5d0850d2f,477,reintri-villa-ravai,Рейнтри Вилла Раваи,по запросу,unknown,unresolved,unknown,unknown,not_verified,unknown,Раваи,villa,catalog_generator_candidate,,,ru/wegc-catalog-data.js,market,/ru/podbor.html?project=reintri-villa-ravai,,not_verified,false,not_verified,resolve_project_and_family_before_commercial_verification,Preserved source index; generator may infer group/district/type from project wording. Not current inventory.
PHK-P-c0a2d0f6c27d,478,riverhauz-phuket,Риверхауз Пхукет,по запросу,unknown,unresolved,unknown,unknown,not_verified,unknown,Банг Тао,condo,catalog_generator_candidate,,,ru/wegc-catalog-data.js,market,/ru/podbor.html?project=riverhauz-phuket,,not_verified,false,not_verified,resolve_project_and_family_before_commercial_verification,Preserved source index; generator may infer group/district/type from project wording. Not current inventory.
PHK-P-4bd1563524bc,479,riovana-villa,Риована Вилла,по запросу,unknown,unresolved,unknown,unknown,not_verified,unknown,Банг Тао,villa,catalog_generator_candidate,,,ru/wegc-catalog-data.js,market,/ru/podbor.html?project=riovana-villa,,not_verified,false,not_verified,resolve_project_and_family_before_commercial_verification,Preserved source index; generator may infer group/district/type from project wording. Not current inventory.
PHK-P-b781a3fe788a,480,rovana-reya-villa,Рована Рея Вилла,по запросу,unknown,unresolved,unknown,unknown,not_verified,unknown,Банг Тао,villa,catalog_generator_candidate,,,ru/wegc-catalog-data.js,market,/ru/podbor.html?project=rovana-reya-villa,,not_verified,false,not_verified,resolve_project_and_family_before_commercial_verification,Preserved source index; generator may infer group/district/type from project wording. Not current inventory.
PHK-P-e993c1afba2f,481,royal-kamala,Роял Камала,по запросу,unknown,unresolved,unknown,unknown,not_verified,unknown,Камала,condo,catalog_generator_candidate,,,ru/wegc-catalog-data.js,market,/ru/podbor.html?project=royal-kamala,,not_verified,false,not_verified,resolve_project_and_family_before_commercial_verification,Preserved source index; generator may infer group/district/type from project wording. Not current inventory.
PHK-P-752a96e5105b,482,royal-phuket-marina,Роял Пхукет Марина,по запросу,unknown,unresolved,unknown,unknown,not_verified,unknown,Пхукет,condo,catalog_generator_candidate,,,ru/wegc-catalog-data.js,market,/ru/podbor.html?project=royal-phuket-marina,,not_verified,false,not_verified,resolve_project_and_family_before_commercial_verification,Preserved source index; generator may infer group/district/type from project wording. Not current inventory.
PHK-P-c17ac39f9403,483,royal-esteit,Роял Эстэйт,по запросу,unknown,unresolved,unknown,unknown,not_verified,unknown,Най Харн,condo,catalog_generator_candidate,,,ru/wegc-catalog-data.js,market,/ru/podbor.html?project=royal-esteit,,not_verified,false,not_verified,resolve_project_and_family_before_commercial_verification,Preserved source index; generator may infer group/district/type from project wording. Not current inventory.
PHK-P-8ae4a305024c,484,rungtiva-villa,Рунгтива Вилла,по запросу,unknown,unresolved,unknown,unknown,not_verified,unknown,Банг Тао,villa,catalog_generator_candidate,,,ru/wegc-catalog-data.js,market,/ru/podbor.html?project=rungtiva-villa,,not_verified,false,not_verified,resolve_project_and_family_before_commercial_verification,Preserved source index; generator may infer group/district/type from project wording. Not current inventory.
PHK-P-9c2ebf5ae310,485,reya-sansiri-surin,Рэя Сансири Сурин,Sansiri,Sansiri PCL,generator_alias_candidate,low,unknown,not_verified,unknown,Сурин,condo,catalog_generator_candidate,https://sansiri.com/,,ru/wegc-catalog-data.js,market,/ru/podbor.html?project=reya-sansiri-surin,,not_verified,false,not_verified,resolve_project_and_family_before_commercial_verification,Preserved source index; generator may infer group/district/type from project wording. Not current inventory.
PHK-P-0bda3471924c,486,sava-villac,Сава виллаc,по запросу,unknown,unresolved,unknown,unknown,not_verified,unknown,Пхукет,villa,catalog_generator_candidate,,,ru/wegc-catalog-data.js,market,/ru/podbor.html?project=sava-villac,,not_verified,false,not_verified,resolve_project_and_family_before_commercial_verification,Preserved source index; generator may infer group/district/type from project wording. Not current inventory.
PHK-P-146e9aba576c,487,saitan,Сайтан,по запросу,unknown,unresolved,unknown,unknown,not_verified,unknown,Банг Тао,condo,catalog_generator_candidate,,,ru/wegc-catalog-data.js,market,/ru/podbor.html?project=saitan,,not_verified,false,not_verified,resolve_project_and_family_before_commercial_verification,Preserved source index; generator may infer group/district/type from project wording. Not current inventory.
PHK-P-5f4a40514c64,488,saiyuan-esteit,Сайюань Естейт,по запросу,unknown,unresolved,unknown,unknown,not_verified,unknown,Раваи,condo,catalog_generator_candidate,,,ru/wegc-catalog-data.js,market,/ru/podbor.html?project=saiyuan-esteit,,not_verified,false,not_verified,resolve_project_and_family_before_commercial_verification,Preserved source index; generator may infer group/district/type from project wording. Not current inventory.
PHK-P-9f251ae6d981,489,saku-valei,Саку Валей,по запросу,unknown,unresolved,unknown,unknown,not_verified,unknown,Найтон,condo,catalog_generator_candidate,,,ru/wegc-catalog-data.js,market,/ru/podbor.html?project=saku-valei,,not_verified,false,not_verified,resolve_project_and_family_before_commercial_verification,Preserved source index; generator may infer group/district/type from project wording. Not current inventory.
PHK-P-a5d0296fe0b0,490,salika-villas,Салика Виллас,по запросу,unknown,unresolved,unknown,unknown,not_verified,unknown,Раваи,villa,catalog_generator_candidate,,,ru/wegc-catalog-data.js,market,/ru/podbor.html?project=salika-villas,,not_verified,false,not_verified,resolve_project_and_family_before_commercial_verification,Preserved source index; generator may infer group/district/type from project wording. Not current inventory.
PHK-P-d435d0f53314,491,salila-sol,Салила Сол,по запросу,unknown,unresolved,unknown,unknown,not_verified,unknown,Банг Тао,condo,catalog_generator_candidate,,,ru/wegc-catalog-data.js,market,/ru/podbor.html?project=salila-sol,,not_verified,false,not_verified,resolve_project_and_family_before_commercial_verification,Preserved source index; generator may infer group/district/type from project wording. Not current inventory.
PHK-P-2b219c9dc0a7,492,samsara,Самсара,по запросу,unknown,unresolved,unknown,unknown,not_verified,unknown,Камала,condo,catalog_generator_candidate,,,ru/wegc-catalog-data.js,market,/ru/podbor.html?project=samsara,,not_verified,false,not_verified,resolve_project_and_family_before_commercial_verification,Preserved source index; generator may infer group/district/type from project wording. Not current inventory.
PHK-P-aabc2ff9ba93,493,san-hills-layan,Сан Хиллс Лаян,по запросу,unknown,unresolved,unknown,unknown,not_verified,unknown,Банг Тао,condo,catalog_generator_candidate,,,ru/wegc-catalog-data.js,market,/ru/podbor.html?project=san-hills-layan,,not_verified,false,not_verified,resolve_project_and_family_before_commercial_verification,Preserved source index; generator may infer group/district/type from project wording. Not current inventory.
PHK-P-130ccaedfc07,494,san-hills-leiksaid,Сан Хиллс Лейксайд,по запросу,unknown,unresolved,unknown,unknown,not_verified,unknown,Банг Тао,condo,catalog_generator_candidate,,,ru/wegc-catalog-data.js,market,/ru/podbor.html?project=san-hills-leiksaid,,not_verified,false,not_verified,resolve_project_and_family_before_commercial_verification,Preserved source index; generator may infer group/district/type from project wording. Not current inventory.
PHK-P-e4bd9eb9fa25,495,sanni-mun,Санни Мун,по запросу,unknown,unresolved,unknown,unknown,not_verified,unknown,Най Харн,condo,catalog_generator_candidate,,,ru/wegc-catalog-data.js,market,/ru/podbor.html?project=sanni-mun,,not_verified,false,not_verified,resolve_project_and_family_before_commercial_verification,Preserved source index; generator may infer group/district/type from project wording. Not current inventory.
PHK-P-844dce2d6d50,496,sanpao,Санпао,по запросу,unknown,unresolved,unknown,unknown,not_verified,unknown,Лаян,condo,catalog_generator_candidate,,,ru/wegc-catalog-data.js,market,/ru/podbor.html?project=sanpao,,not_verified,false,not_verified,resolve_project_and_family_before_commercial_verification,Preserved source index; generator may infer group/district/type from project wording. Not current inventory.
PHK-P-b32f80965a1a,497,sanset-plaza,Сансет Плаза,по запросу,unknown,unresolved,unknown,unknown,not_verified,unknown,Ката · Карон,condo,catalog_generator_candidate,,,ru/wegc-catalog-data.js,market,/ru/podbor.html?project=sanset-plaza,,not_verified,false,not_verified,resolve_project_and_family_before_commercial_verification,Preserved source index; generator may infer group/district/type from project wording. Not current inventory.
PHK-P-833c7c32d2ca,498,sansuri,Сансури,по запросу,unknown,unresolved,unknown,unknown,not_verified,unknown,Сурин,condo,catalog_generator_candidate,,,ru/wegc-catalog-data.js,market,/ru/podbor.html?project=sansuri,,not_verified,false,not_verified,resolve_project_and_family_before_commercial_verification,Preserved source index; generator may infer group/district/type from project wording. Not current inventory.
PHK-P-ac1d52595050,499,santi-villas,Санти Виллас,по запросу,unknown,unresolved,unknown,unknown,not_verified,unknown,Банг Тао,villa,catalog_generator_candidate,,,ru/wegc-catalog-data.js,market,/ru/podbor.html?project=santi-villas,,not_verified,false,not_verified,resolve_project_and_family_before_commercial_verification,Preserved source index; generator may infer group/district/type from project wording. Not current inventory.
PHK-P-8700ee387467,500,sanshain-bich-by-kora,Саншайн Бич by KORA,по запросу,unknown,unresolved,unknown,unknown,not_verified,unknown,Банг Тао,condo,catalog_generator_candidate,,,ru/wegc-catalog-data.js,market,/ru/podbor.html?project=sanshain-bich-by-kora,,not_verified,false,not_verified,resolve_project_and_family_before_commercial_verification,Preserved source index; generator may infer group/district/type from project wording. Not current inventory.
PHK-P-a9928389bf4e,501,saturdeis,Сатурдэйс,по запросу,unknown,unresolved,unknown,unknown,not_verified,unknown,Раваи,condo,catalog_generator_candidate,,,ru/wegc-catalog-data.js,market,/ru/podbor.html?project=saturdeis,,not_verified,false,not_verified,resolve_project_and_family_before_commercial_verification,Preserved source index; generator may infer group/district/type from project wording. Not current inventory.
PHK-P-ae0ad1a5a576,502,saturdeis-villas,Сатурдэйс виллас,по запросу,unknown,unresolved,unknown,unknown,not_verified,unknown,Раваи,villa,catalog_generator_candidate,,,ru/wegc-catalog-data.js,market,/ru/podbor.html?project=saturdeis-villas,,not_verified,false,not_verified,resolve_project_and_family_before_commercial_verification,Preserved source index; generator may infer group/district/type from project wording. Not current inventory.
PHK-P-94f11ee05aa2,503,sayan-buri,Саян Бури,по запросу,unknown,unresolved,unknown,unknown,not_verified,unknown,Раваи,condo,catalog_generator_candidate,,,ru/wegc-catalog-data.js,market,/ru/podbor.html?project=sayan-buri,,not_verified,false,not_verified,resolve_project_and_family_before_commercial_verification,Preserved source index; generator may infer group/district/type from project wording. Not current inventory.
PHK-P-a35e1c09a92d,504,sayan-rezorts,Саян Резортс,по запросу,unknown,unresolved,unknown,unknown,not_verified,unknown,Камала,condo,catalog_generator_candidate,,,ru/wegc-catalog-data.js,market,/ru/podbor.html?project=sayan-rezorts,,not_verified,false,not_verified,resolve_project_and_family_before_commercial_verification,Preserved source index; generator may infer group/district/type from project wording. Not current inventory.
PHK-P-c868246f406b,505,sayan-esteit,Саян Эстэйт,по запросу,unknown,unresolved,unknown,unknown,not_verified,unknown,Раваи,condo,catalog_generator_candidate,,,ru/wegc-catalog-data.js,market,/ru/podbor.html?project=sayan-esteit,,not_verified,false,not_verified,resolve_project_and_family_before_commercial_verification,Preserved source index; generator may infer group/district/type from project wording. Not current inventory.
PHK-P-e5c7a690d8bc,506,serene-kondo-surin,Серене Кондо Сурин,по запросу,unknown,unresolved,unknown,unknown,not_verified,unknown,Сурин,condo,catalog_generator_candidate,,,ru/wegc-catalog-data.js,market,/ru/podbor.html?project=serene-kondo-surin,,not_verified,false,not_verified,resolve_project_and_family_before_commercial_verification,Preserved source index; generator may infer group/district/type from project wording. Not current inventory.
PHK-P-82774b0de193,507,serrana,Серрана,по запросу,unknown,unresolved,unknown,unknown,not_verified,unknown,Банг Тао,condo,catalog_generator_candidate,,,ru/wegc-catalog-data.js,market,/ru/podbor.html?project=serrana,,not_verified,false,not_verified,resolve_project_and_family_before_commercial_verification,Preserved source index; generator may infer group/district/type from project wording. Not current inventory.
PHK-P-019e6d9f21b7,508,serfhaus,Серфхаус,по запросу,unknown,unresolved,unknown,unknown,not_verified,unknown,Банг Тао,condo,catalog_generator_candidate,,,ru/wegc-catalog-data.js,market,/ru/podbor.html?project=serfhaus,,not_verified,false,not_verified,resolve_project_and_family_before_commercial_verification,Preserved source index; generator may infer group/district/type from project wording. Not current inventory.
PHK-P-226b4251971d,509,si-heven-naiton,Си Хэвен Найтон,по запросу,unknown,unresolved,unknown,unknown,not_verified,unknown,Найтон,condo,catalog_generator_candidate,,,ru/wegc-catalog-data.js,market,/ru/podbor.html?project=si-heven-naiton,,not_verified,false,not_verified,resolve_project_and_family_before_commercial_verification,Preserved source index; generator may infer group/district/type from project wording. Not current inventory.
PHK-P-0cce485674fc,510,si-heven-naiton-rezidens,Си Хэвен Найтон Резиденс,по запросу,unknown,unresolved,unknown,unknown,not_verified,unknown,Найтон,condo,catalog_generator_candidate,,,ru/wegc-catalog-data.js,market,/ru/podbor.html?project=si-heven-naiton-rezidens,,not_verified,false,not_verified,resolve_project_and_family_before_commercial_verification,Preserved source index; generator may infer group/district/type from project wording. Not current inventory.
PHK-P-16c895cc9384,511,si-end-ckai,Си энд Cкай,по запросу,unknown,unresolved,unknown,unknown,not_verified,unknown,Ката · Карон,condo,catalog_generator_candidate,,,ru/wegc-catalog-data.js,market,/ru/podbor.html?project=si-end-ckai,,not_verified,false,not_verified,resolve_project_and_family_before_commercial_verification,Preserved source index; generator may infer group/district/type from project wording. Not current inventory.
PHK-P-e09b8a7f7817,512,siamaiya-villy,Сиамайя Виллы,по запросу,unknown,unresolved,unknown,unknown,not_verified,unknown,Банг Тао,villa,catalog_generator_candidate,,,ru/wegc-catalog-data.js,market,/ru/podbor.html?project=siamaiya-villy,,not_verified,false,not_verified,resolve_project_and_family_before_commercial_verification,Preserved source index; generator may infer group/district/type from project wording. Not current inventory.
PHK-P-e6374a5b3250,513,siamiz-bangtao,Сиамиз Бангтао,по запросу,unknown,unresolved,unknown,unknown,not_verified,unknown,Банг Тао,condo,catalog_generator_candidate,,,ru/wegc-catalog-data.js,market,/ru/podbor.html?project=siamiz-bangtao,,not_verified,false,not_verified,resolve_project_and_family_before_commercial_verification,Preserved source index; generator may infer group/district/type from project wording. Not current inventory.
PHK-P-95249c68933a,514,sivana-pleis,Сивана Плэйс,по запросу,unknown,unresolved,unknown,unknown,not_verified,unknown,Банг Тао,condo,catalog_generator_candidate,,,ru/wegc-catalog-data.js,market,/ru/podbor.html?project=sivana-pleis,,not_verified,false,not_verified,resolve_project_and_family_before_commercial_verification,Preserved source index; generator may infer group/district/type from project wording. Not current inventory.
PHK-P-d4eee77ad096,515,signacha-villas,Сигнача виллас,по запросу,unknown,unresolved,unknown,unknown,not_verified,unknown,Най Харн,villa,catalog_generator_candidate,,,ru/wegc-catalog-data.js,market,/ru/podbor.html?project=signacha-villas,,not_verified,false,not_verified,resolve_project_and_family_before_commercial_verification,Preserved source index; generator may infer group/district/type from project wording. Not current inventory.
PHK-P-d24e913a4107,516,silva,Силва,по запросу,unknown,unresolved,unknown,unknown,not_verified,unknown,Банг Тао,condo,catalog_generator_candidate,,,ru/wegc-catalog-data.js,market,/ru/podbor.html?project=silva,,not_verified,false,not_verified,resolve_project_and_family_before_commercial_verification,Preserved source index; generator may infer group/district/type from project wording. Not current inventory.
PHK-P-d40bdd70dc57,517,sinara-pul-villa,Синара Пул Вилла,по запросу,unknown,unresolved,unknown,unknown,not_verified,unknown,Банг Тао,villa,catalog_generator_candidate,,,ru/wegc-catalog-data.js,market,/ru/podbor.html?project=sinara-pul-villa,,not_verified,false,not_verified,resolve_project_and_family_before_commercial_verification,Preserved source index; generator may infer group/district/type from project wording. Not current inventory.
PHK-P-64ac4e7f7871,518,siren-raiya,Сирен Райя,по запросу,unknown,unresolved,unknown,unknown,not_verified,unknown,Банг Тао,condo,catalog_generator_candidate,,,ru/wegc-catalog-data.js,market,/ru/podbor.html?project=siren-raiya,,not_verified,false,not_verified,resolve_project_and_family_before_commercial_verification,Preserved source index; generator may infer group/district/type from project wording. Not current inventory.
PHK-P-a0fe46dfa1ea,519,sistoun-pul-villas,Систоун Пул Виллас,по запросу,unknown,unresolved,unknown,unknown,not_verified,unknown,Банг Тао,villa,catalog_generator_candidate,,,ru/wegc-catalog-data.js,market,/ru/podbor.html?project=sistoun-pul-villas,,not_verified,false,not_verified,resolve_project_and_family_before_commercial_verification,Preserved source index; generator may infer group/district/type from project wording. Not current inventory.
PHK-P-3ae46ce6c02a,520,siti-geit-2,Сити Гейт 2,по запросу,unknown,unresolved,unknown,unknown,not_verified,unknown,Камала,condo,catalog_generator_candidate,,,ru/wegc-catalog-data.js,market,/ru/podbor.html?project=siti-geit-2,,not_verified,false,not_verified,resolve_project_and_family_before_commercial_verification,Preserved source index; generator may infer group/district/type from project wording. Not current inventory.
PHK-P-ae9ef3301323,521,siti-geit,Сити Гэйт,по запросу,unknown,unresolved,unknown,unknown,not_verified,unknown,Камала,condo,catalog_generator_candidate,,,ru/wegc-catalog-data.js,market,/ru/podbor.html?project=siti-geit,,not_verified,false,not_verified,resolve_project_and_family_before_commercial_verification,Preserved source index; generator may infer group/district/type from project wording. Not current inventory.
PHK-P-233ce2dee785,522,siti-laif,Сити Лайф,по запросу,unknown,unresolved,unknown,unknown,not_verified,unknown,Патонг,condo,catalog_generator_candidate,,,ru/wegc-catalog-data.js,market,/ru/podbor.html?project=siti-laif,,not_verified,false,not_verified,resolve_project_and_family_before_commercial_verification,Preserved source index; generator may infer group/district/type from project wording. Not current inventory.
PHK-P-dea842f08ac3,523,siti-phuket,Сити Пхукет,по запросу,unknown,unresolved,unknown,unknown,not_verified,unknown,Пхукет,condo,catalog_generator_candidate,,,ru/wegc-catalog-data.js,market,/ru/podbor.html?project=siti-phuket,,not_verified,false,not_verified,resolve_project_and_family_before_commercial_verification,Preserved source index; generator may infer group/district/type from project wording. Not current inventory.
PHK-P-9cd9b4752af6,524,skai-park-avrora,Скай Парк Аврора,по запросу,unknown,unresolved,unknown,unknown,not_verified,unknown,Банг Тао,condo,catalog_generator_candidate,,,ru/wegc-catalog-data.js,market,/ru/podbor.html?project=skai-park-avrora,,not_verified,false,not_verified,resolve_project_and_family_before_commercial_verification,Preserved source index; generator may infer group/district/type from project wording. Not current inventory.
PHK-P-671bf34f5cbc,525,skai-park-selesta,Скай Парк Селеста,по запросу,unknown,unresolved,unknown,unknown,not_verified,unknown,Банг Тао,condo,catalog_generator_candidate,,,ru/wegc-catalog-data.js,market,/ru/podbor.html?project=skai-park-selesta,,not_verified,false,not_verified,resolve_project_and_family_before_commercial_verification,Preserved source index; generator may infer group/district/type from project wording. Not current inventory.
PHK-P-732574a25395,526,skaipark-elara,Скайпарк Элара,по запросу,unknown,unresolved,unknown,unknown,not_verified,unknown,Банг Тао,condo,catalog_generator_candidate,,,ru/wegc-catalog-data.js,market,/ru/podbor.html?project=skaipark-elara,,not_verified,false,not_verified,resolve_project_and_family_before_commercial_verification,Preserved source index; generator may infer group/district/type from project wording. Not current inventory.
PHK-P-d8c0aa1c2b71,527,sole-mio,Соле Мио,по запросу,unknown,unresolved,unknown,unknown,not_verified,unknown,Банг Тао,condo,catalog_generator_candidate,,,ru/wegc-catalog-data.js,market,/ru/podbor.html?project=sole-mio,,not_verified,false,not_verified,resolve_project_and_family_before_commercial_verification,Preserved source index; generator may infer group/district/type from project wording. Not current inventory.
PHK-P-92bd19436227,528,sou-lagun,Соу Лагун,по запросу,unknown,unresolved,unknown,unknown,not_verified,unknown,Банг Тао,condo,catalog_generator_candidate,,,ru/wegc-catalog-data.js,market,/ru/podbor.html?project=sou-lagun,,not_verified,false,not_verified,resolve_project_and_family_before_commercial_verification,Preserved source index; generator may infer group/district/type from project wording. Not current inventory.
PHK-P-9756af3b3928,529,sou-oridzhin,Соу Ориджин,Origin PCL,Origin Property PCL,generator_alias_candidate,low,unknown,not_verified,unknown,Банг Тао,condo,catalog_generator_candidate,https://origin.co.th/,,ru/wegc-catalog-data.js,market,/ru/podbor.html?project=sou-oridzhin,,not_verified,false,not_verified,resolve_project_and_family_before_commercial_verification,Preserved source index; generator may infer group/district/type from project wording. Not current inventory.
PHK-P-75f1fd549154,530,sou-oridzhin-kata,Соу Ориджин Ката,Origin PCL,Origin Property PCL,generator_alias_candidate,low,unknown,not_verified,unknown,Ката · Карон,condo,catalog_generator_candidate,https://origin.co.th/,,ru/wegc-catalog-data.js,market,/ru/podbor.html?project=sou-oridzhin-kata,,not_verified,false,not_verified,resolve_project_and_family_before_commercial_verification,Preserved source index; generator may infer group/district/type from project wording. Not current inventory.
PHK-P-1d023534132c,531,speis-kondominimum-cherngtalei,Спейс Кондоминимум Чернгталей,по запросу,unknown,unresolved,unknown,unknown,not_verified,unknown,Чернг Талай,condo,catalog_generator_candidate,,,ru/wegc-catalog-data.js,market,/ru/podbor.html?project=speis-kondominimum-cherngtalei,,not_verified,false,not_verified,resolve_project_and_family_before_commercial_verification,Preserved source index; generator may infer group/district/type from project wording. Not current inventory.
PHK-P-ba2f1d3c6413,532,stei,Стей,по запросу,unknown,unresolved,unknown,unknown,not_verified,unknown,Раваи,condo,catalog_generator_candidate,,,ru/wegc-catalog-data.js,market,/ru/podbor.html?project=stei,,not_verified,false,not_verified,resolve_project_and_family_before_commercial_verification,Preserved source index; generator may infer group/district/type from project wording. Not current inventory.
PHK-P-f9860d4c1fe7,533,stella,Стелла,по запросу,unknown,unresolved,unknown,unknown,not_verified,unknown,Банг Тао,condo,catalog_generator_candidate,,,ru/wegc-catalog-data.js,market,/ru/podbor.html?project=stella,,not_verified,false,not_verified,resolve_project_and_family_before_commercial_verification,Preserved source index; generator may infer group/district/type from project wording. Not current inventory.
PHK-P-20c1e235c2ab,534,suan-tua-esteit,Суан Туа Эстейт,по запросу,unknown,unresolved,unknown,unknown,not_verified,unknown,Банг Тао,condo,catalog_generator_candidate,,,ru/wegc-catalog-data.js,market,/ru/podbor.html?project=suan-tua-esteit,,not_verified,false,not_verified,resolve_project_and_family_before_commercial_verification,Preserved source index; generator may infer group/district/type from project wording. Not current inventory.
PHK-P-0510a0403706,535,sudara,Судара,по запросу,unknown,unresolved,unknown,unknown,not_verified,unknown,Банг Тао,condo,catalog_generator_candidate,,,ru/wegc-catalog-data.js,market,/ru/podbor.html?project=sudara,,not_verified,false,not_verified,resolve_project_and_family_before_commercial_verification,Preserved source index; generator may infer group/district/type from project wording. Not current inventory.
PHK-P-43183bc6575c,536,suksan,Суксан,по запросу,unknown,unresolved,unknown,unknown,not_verified,unknown,Раваи,condo,catalog_generator_candidate,,,ru/wegc-catalog-data.js,market,/ru/podbor.html?project=suksan,,not_verified,false,not_verified,resolve_project_and_family_before_commercial_verification,Preserved source index; generator may infer group/district/type from project wording. Not current inventory.
PHK-P-3645104cc320,537,suksan-villas,Суксан Виллас,по запросу,unknown,unresolved,unknown,unknown,not_verified,unknown,Раваи,villa,catalog_generator_candidate,,,ru/wegc-catalog-data.js,market,/ru/podbor.html?project=suksan-villas,,not_verified,false,not_verified,resolve_project_and_family_before_commercial_verification,Preserved source index; generator may infer group/district/type from project wording. Not current inventory.
PHK-P-17802edfcc94,538,sumalii,Сумалии,по запросу,unknown,unresolved,unknown,unknown,not_verified,unknown,Раваи,condo,catalog_generator_candidate,,,ru/wegc-catalog-data.js,market,/ru/podbor.html?project=sumalii,,not_verified,false,not_verified,resolve_project_and_family_before_commercial_verification,Preserved source index; generator may infer group/district/type from project wording. Not current inventory.
PHK-P-ea53e816b766,539,supalai-palm-springs,Супалай Палм Спрингс,по запросу,unknown,unresolved,unknown,unknown,not_verified,unknown,Банг Тао,condo,catalog_generator_candidate,,,ru/wegc-catalog-data.js,market,/ru/podbor.html?project=supalai-palm-springs,,not_verified,false,not_verified,resolve_project_and_family_before_commercial_verification,Preserved source index; generator may infer group/district/type from project wording. Not current inventory.
PHK-P-a7a70350e4fa,540,supicha,Супича,по запросу,unknown,unresolved,unknown,unknown,not_verified,unknown,Пхукет,condo,catalog_generator_candidate,,,ru/wegc-catalog-data.js,market,/ru/podbor.html?project=supicha,,not_verified,false,not_verified,resolve_project_and_family_before_commercial_verification,Preserved source index; generator may infer group/district/type from project wording. Not current inventory.
PHK-P-ba5455d9a76c,541,surin-park,Сурин Парк,по запросу,unknown,unresolved,unknown,unknown,not_verified,unknown,Сурин,condo,catalog_generator_candidate,,,ru/wegc-catalog-data.js,market,/ru/podbor.html?project=surin-park,,not_verified,false,not_verified,resolve_project_and_family_before_commercial_verification,Preserved source index; generator may infer group/district/type from project wording. Not current inventory.
PHK-P-d3faef7cd64f,542,surin-sabai,Сурин Сабай,по запросу,unknown,unresolved,unknown,unknown,not_verified,unknown,Сурин,condo,catalog_generator_candidate,,,ru/wegc-catalog-data.js,market,/ru/podbor.html?project=surin-sabai,,not_verified,false,not_verified,resolve_project_and_family_before_commercial_verification,Preserved source index; generator may infer group/district/type from project wording. Not current inventory.
PHK-P-e7ff408ef0cd,543,surin-sabai-2,Сурин Сабай 2,по запросу,unknown,unresolved,unknown,unknown,not_verified,unknown,Сурин,condo,catalog_generator_candidate,,,ru/wegc-catalog-data.js,market,/ru/podbor.html?project=surin-sabai-2,,not_verified,false,not_verified,resolve_project_and_family_before_commercial_verification,Preserved source index; generator may infer group/district/type from project wording. Not current inventory.
PHK-P-fec355debb9c,544,surin-springs,Сурин Спрингс,по запросу,unknown,unresolved,unknown,unknown,not_verified,unknown,Сурин,condo,catalog_generator_candidate,,,ru/wegc-catalog-data.js,market,/ru/podbor.html?project=surin-springs,,not_verified,false,not_verified,resolve_project_and_family_before_commercial_verification,Preserved source index; generator may infer group/district/type from project wording. Not current inventory.
PHK-P-5f3fa60eabfe,545,surin-sends,Сурин Сэндс,по запросу,unknown,unresolved,unknown,unknown,not_verified,unknown,Сурин,condo,catalog_generator_candidate,,,ru/wegc-catalog-data.js,market,/ru/podbor.html?project=surin-sends,,not_verified,false,not_verified,resolve_project_and_family_before_commercial_verification,Preserved source index; generator may infer group/district/type from project wording. Not current inventory.
PHK-P-37cfc80d8cec,546,surin-haits,Сурин Хайтс,по запросу,unknown,unresolved,unknown,unknown,not_verified,unknown,Сурин,condo,catalog_generator_candidate,,,ru/wegc-catalog-data.js,market,/ru/podbor.html?project=surin-haits,,not_verified,false,not_verified,resolve_project_and_family_before_commercial_verification,Preserved source index; generator may infer group/district/type from project wording. Not current inventory.
PHK-P-b2dbebcc1bba,547,tai-bali,Тай Бали,по запросу,unknown,unresolved,unknown,unknown,not_verified,unknown,Банг Тао,condo,catalog_generator_candidate,,,ru/wegc-catalog-data.js,market,/ru/podbor.html?project=tai-bali,,not_verified,false,not_verified,resolve_project_and_family_before_commercial_verification,Preserved source index; generator may infer group/district/type from project wording. Not current inventory.
PHK-P-a775493daa2f,548,taitl-cielo-ravai,Тайтл Cielo Раваи,Rhom Bho / The Title,Rhom Bho Property / THE TITLE,generator_alias_candidate,low,unknown,not_verified,unknown,Раваи,condo,catalog_generator_candidate,https://thetitleresidence.com/,,ru/wegc-catalog-data.js,market,/ru/podbor.html?project=taitl-cielo-ravai,,not_verified,false,not_verified,resolve_project_and_family_before_commercial_verification,Preserved source index; generator may infer group/district/type from project wording. Not current inventory.
PHK-P-9759b535d10b,549,taitl-balkoni-nayang,Тайтл Балкони Наянг,Rhom Bho / The Title,Rhom Bho Property / THE TITLE,generator_alias_candidate,low,unknown,not_verified,unknown,Най Янг,condo,catalog_generator_candidate,https://thetitleresidence.com/,,ru/wegc-catalog-data.js,market,/ru/podbor.html?project=taitl-balkoni-nayang,,not_verified,false,not_verified,resolve_project_and_family_before_commercial_verification,Preserved source index; generator may infer group/district/type from project wording. Not current inventory.
PHK-P-0462fa71d634,550,taitl-bangtao-legendarnyi,Тайтл Бангтао Легендарный,Rhom Bho / The Title,Rhom Bho Property / THE TITLE,generator_alias_candidate,low,unknown,not_verified,unknown,Банг Тао,condo,catalog_generator_candidate,https://thetitleresidence.com/,,ru/wegc-catalog-data.js,market,/ru/podbor.html?project=taitl-bangtao-legendarnyi,,not_verified,false,not_verified,resolve_project_and_family_before_commercial_verification,Preserved source index; generator may infer group/district/type from project wording. Not current inventory.
PHK-P-ac07bce8ed7b,551,taitl-biankana-surin,Тайтл Бианкана Сурин,Rhom Bho / The Title,Rhom Bho Property / THE TITLE,generator_alias_candidate,low,unknown,not_verified,unknown,Сурин,condo,catalog_generator_candidate,https://thetitleresidence.com/,,ru/wegc-catalog-data.js,market,/ru/podbor.html?project=taitl-biankana-surin,,not_verified,false,not_verified,resolve_project_and_family_before_commercial_verification,Preserved source index; generator may infer group/district/type from project wording. Not current inventory.
PHK-P-9a2f77e5ec6a,552,taitl-oliv-nayang,Тайтл Олив Наянг,Rhom Bho / The Title,Rhom Bho Property / THE TITLE,generator_alias_candidate,low,unknown,not_verified,unknown,Най Янг,condo,catalog_generator_candidate,https://thetitleresidence.com/,,ru/wegc-catalog-data.js,market,/ru/podbor.html?project=taitl-oliv-nayang,,not_verified,false,not_verified,resolve_project_and_family_before_commercial_verification,Preserved source index; generator may infer group/district/type from project wording. Not current inventory.
PHK-P-bbddaaae24f6,553,tamarind-villa,Тамаринд Вилла,по запросу,unknown,unresolved,unknown,unknown,not_verified,unknown,Чалонг,villa,catalog_generator_candidate,,,ru/wegc-catalog-data.js,market,/ru/podbor.html?project=tamarind-villa,,not_verified,false,not_verified,resolve_project_and_family_before_commercial_verification,Preserved source index; generator may infer group/district/type from project wording. Not current inventory.
PHK-P-3aadffca184d,554,tanod-esteit-ii,Танод Эстейт II,по запросу,unknown,unresolved,unknown,unknown,not_verified,unknown,Банг Тао,condo,catalog_generator_candidate,,,ru/wegc-catalog-data.js,market,/ru/podbor.html?project=tanod-esteit-ii,,not_verified,false,not_verified,resolve_project_and_family_before_commercial_verification,Preserved source index; generator may infer group/district/type from project wording. Not current inventory.
PHK-P-ec36ef0b821c,555,tanod-esteit,Танод Эстэйт,по запросу,unknown,unresolved,unknown,unknown,not_verified,unknown,Банг Тао,condo,catalog_generator_candidate,,,ru/wegc-catalog-data.js,market,/ru/podbor.html?project=tanod-esteit,,not_verified,false,not_verified,resolve_project_and_family_before_commercial_verification,Preserved source index; generator may infer group/district/type from project wording. Not current inventory.
PHK-P-2e8241623f3a,556,tvinpalmc-rezidensis-montazur,Твинпалмc Резиденсис Монтазур,по запросу,unknown,unresolved,unknown,unknown,not_verified,unknown,Камала,condo,catalog_generator_candidate,,,ru/wegc-catalog-data.js,market,/ru/podbor.html?project=tvinpalmc-rezidensis-montazur,,not_verified,false,not_verified,resolve_project_and_family_before_commercial_verification,Preserved source index; generator may infer group/district/type from project wording. Not current inventory.
PHK-P-b47e8b7a59f8,557,tiara-saku,Тиара Саку,по запросу,unknown,unresolved,unknown,unknown,not_verified,unknown,Най Янг,condo,catalog_generator_candidate,,,ru/wegc-catalog-data.js,market,/ru/podbor.html?project=tiara-saku,,not_verified,false,not_verified,resolve_project_and_family_before_commercial_verification,Preserved source index; generator may infer group/district/type from project wording. Not current inventory.
PHK-P-24868219146b,558,tivana-villlas,Тивана Вилллас,по запросу,unknown,unresolved,unknown,unknown,not_verified,unknown,Банг Тао,villa,catalog_generator_candidate,,,ru/wegc-catalog-data.js,market,/ru/podbor.html?project=tivana-villlas,,not_verified,false,not_verified,resolve_project_and_family_before_commercial_verification,Preserved source index; generator may infer group/district/type from project wording. Not current inventory.
PHK-P-a9c2dc7dd123,559,tri-vananda,Три Вананда,по запросу,unknown,unresolved,unknown,unknown,not_verified,unknown,Банг Тао,condo,catalog_generator_candidate,,,ru/wegc-catalog-data.js,market,/ru/podbor.html?project=tri-vananda,,not_verified,false,not_verified,resolve_project_and_family_before_commercial_verification,Preserved source index; generator may infer group/district/type from project wording. Not current inventory.
PHK-P-0f0361caa18b,560,trizara,Тризара,по запросу,unknown,unresolved,unknown,unknown,not_verified,unknown,Лаян,condo,catalog_generator_candidate,,,ru/wegc-catalog-data.js,market,/ru/podbor.html?project=trizara,,not_verified,false,not_verified,resolve_project_and_family_before_commercial_verification,Preserved source index; generator may infer group/district/type from project wording. Not current inventory.
PHK-P-f6edb9870653,561,triniti,Тринити,по запросу,unknown,unresolved,unknown,unknown,not_verified,unknown,Банг Тао,condo,catalog_generator_candidate,,,ru/wegc-catalog-data.js,market,/ru/podbor.html?project=triniti,,not_verified,false,not_verified,resolve_project_and_family_before_commercial_verification,Preserved source index; generator may infer group/district/type from project wording. Not current inventory.
PHK-P-dd882d6d3d28,562,triniti-villadzh,Тринити Вилладж,по запросу,unknown,unresolved,unknown,unknown,not_verified,unknown,Банг Тао,villa,catalog_generator_candidate,,,ru/wegc-catalog-data.js,market,/ru/podbor.html?project=triniti-villadzh,,not_verified,false,not_verified,resolve_project_and_family_before_commercial_verification,Preserved source index; generator may infer group/district/type from project wording. Not current inventory.
PHK-P-2bed71036a1c,563,triniti-praim,Тринити Прайм,по запросу,unknown,unresolved,unknown,unknown,not_verified,unknown,Банг Тао,condo,catalog_generator_candidate,,,ru/wegc-catalog-data.js,market,/ru/podbor.html?project=triniti-praim,,not_verified,false,not_verified,resolve_project_and_family_before_commercial_verification,Preserved source index; generator may infer group/district/type from project wording. Not current inventory.
PHK-P-b6e8e3609bc6,564,trichada,Тричада,по запросу,unknown,unresolved,unknown,unknown,not_verified,unknown,Банг Тао,condo,catalog_generator_candidate,,,ru/wegc-catalog-data.js,market,/ru/podbor.html?project=trichada,,not_verified,false,not_verified,resolve_project_and_family_before_commercial_verification,Preserved source index; generator may infer group/district/type from project wording. Not current inventory.
PHK-P-851bf008af23,565,trichada-azyur,Тричада Азюр,по запросу,unknown,unresolved,unknown,unknown,not_verified,unknown,Банг Тао,condo,catalog_generator_candidate,,,ru/wegc-catalog-data.js,market,/ru/podbor.html?project=trichada-azyur,,not_verified,false,not_verified,resolve_project_and_family_before_commercial_verification,Preserved source index; generator may infer group/district/type from project wording. Not current inventory.
PHK-P-65d64680d665,566,trichada-briz,Тричада Бриз,по запросу,unknown,unresolved,unknown,unknown,not_verified,unknown,Банг Тао,condo,catalog_generator_candidate,,,ru/wegc-catalog-data.js,market,/ru/podbor.html?project=trichada-briz,,not_verified,false,not_verified,resolve_project_and_family_before_commercial_verification,Preserved source index; generator may infer group/district/type from project wording. Not current inventory.
PHK-P-0d1977bdbffb,567,trichada-skai,Тричада Скай,по запросу,unknown,unresolved,unknown,unknown,not_verified,unknown,Банг Тао,condo,catalog_generator_candidate,,,ru/wegc-catalog-data.js,market,/ru/podbor.html?project=trichada-skai,,not_verified,false,not_verified,resolve_project_and_family_before_commercial_verification,Preserved source index; generator may infer group/district/type from project wording. Not current inventory.
PHK-P-1951aa66ae69,568,trichada-tropikal,Тричада Тропикал,по запросу,unknown,unresolved,unknown,unknown,not_verified,unknown,Банг Тао,condo,catalog_generator_candidate,,,ru/wegc-catalog-data.js,market,/ru/podbor.html?project=trichada-tropikal,,not_verified,false,not_verified,resolve_project_and_family_before_commercial_verification,Preserved source index; generator may infer group/district/type from project wording. Not current inventory.
PHK-P-4803a602f6c8,569,trichada-essens,Тричада Эссенс,по запросу,unknown,unresolved,unknown,unknown,not_verified,unknown,Банг Тао,condo,catalog_generator_candidate,,,ru/wegc-catalog-data.js,market,/ru/podbor.html?project=trichada-essens,,not_verified,false,not_verified,resolve_project_and_family_before_commercial_verification,Preserved source index; generator may infer group/district/type from project wording. Not current inventory.
PHK-P-22a7b83d1854,570,tu-villas-ao-ion,Ту Виллас Ао Йон,по запросу,unknown,unresolved,unknown,unknown,not_verified,unknown,Пхукет,villa,catalog_generator_candidate,,,ru/wegc-catalog-data.js,market,/ru/podbor.html?project=tu-villas-ao-ion,,not_verified,false,not_verified,resolve_project_and_family_before_commercial_verification,Preserved source index; generator may infer group/district/type from project wording. Not current inventory.
PHK-P-32ad5d8495b7,571,tu-villas-oksidzhen-bangtao,Ту Виллас Оксиджен Бангтао,по запросу,unknown,unresolved,unknown,unknown,not_verified,unknown,Банг Тао,villa,catalog_generator_candidate,,,ru/wegc-catalog-data.js,market,/ru/podbor.html?project=tu-villas-oksidzhen-bangtao,,not_verified,false,not_verified,resolve_project_and_family_before_commercial_verification,Preserved source index; generator may infer group/district/type from project wording. Not current inventory.
PHK-P-23e5895b4758,572,tu-villas-holidei-oriental-stail-laiyan,Ту Виллас Холидей Ориентал Стайл Лайян,по запросу,unknown,unresolved,unknown,unknown,not_verified,unknown,Банг Тао,villa,catalog_generator_candidate,,,ru/wegc-catalog-data.js,market,/ru/podbor.html?project=tu-villas-holidei-oriental-stail-laiyan,,not_verified,false,not_verified,resolve_project_and_family_before_commercial_verification,Preserved source index; generator may infer group/district/type from project wording. Not current inventory.
PHK-P-a6571193846d,573,tussen-yamu,Туссен Яму,по запросу,unknown,unresolved,unknown,unknown,not_verified,unknown,Мыс Яму,condo,catalog_generator_candidate,,,ru/wegc-catalog-data.js,market,/ru/podbor.html?project=tussen-yamu,,not_verified,false,not_verified,resolve_project_and_family_before_commercial_verification,Preserved source index; generator may infer group/district/type from project wording. Not current inventory.
PHK-P-e844cc808863,574,uan-rezidens-leiksaid-redvud,Уан Резиденс Лейксайд Редвуд,по запросу,unknown,unresolved,unknown,unknown,not_verified,unknown,Банг Тао,condo,catalog_generator_candidate,,,ru/wegc-catalog-data.js,market,/ru/podbor.html?project=uan-rezidens-leiksaid-redvud,,not_verified,false,not_verified,resolve_project_and_family_before_commercial_verification,Preserved source index; generator may infer group/district/type from project wording. Not current inventory.
PHK-P-57f9d17a588a,575,utopiya-drim,Утопия Дрим,по запросу,unknown,unresolved,unknown,unknown,not_verified,unknown,Раваи,condo,catalog_generator_candidate,,,ru/wegc-catalog-data.js,market,/ru/podbor.html?project=utopiya-drim,,not_verified,false,not_verified,resolve_project_and_family_before_commercial_verification,Preserved source index; generator may infer group/district/type from project wording. Not current inventory.
PHK-P-472f675b8555,576,utopiya-karon,Утопия Карон,по запросу,unknown,unresolved,unknown,unknown,not_verified,unknown,Ката · Карон,condo,catalog_generator_candidate,,,ru/wegc-catalog-data.js,market,/ru/podbor.html?project=utopiya-karon,,not_verified,false,not_verified,resolve_project_and_family_before_commercial_verification,Preserved source index; generator may infer group/district/type from project wording. Not current inventory.
PHK-P-2666aa7aacae,577,utopiya-kata,Утопия Ката,по запросу,unknown,unresolved,unknown,unknown,not_verified,unknown,Ката · Карон,condo,catalog_generator_candidate,,,ru/wegc-catalog-data.js,market,/ru/podbor.html?project=utopiya-kata,,not_verified,false,not_verified,resolve_project_and_family_before_commercial_verification,Preserved source index; generator may infer group/district/type from project wording. Not current inventory.
PHK-P-7c00bcbca59e,578,utopiya-mai-khao,Утопия Май Кхао,по запросу,unknown,unresolved,unknown,unknown,not_verified,unknown,Май Кхао,condo,catalog_generator_candidate,,,ru/wegc-catalog-data.js,market,/ru/podbor.html?project=utopiya-mai-khao,,not_verified,false,not_verified,resolve_project_and_family_before_commercial_verification,Preserved source index; generator may infer group/district/type from project wording. Not current inventory.
PHK-P-e825627e186b,579,utopiya-naiharn,Утопия Найхарн,по запросу,unknown,unresolved,unknown,unknown,not_verified,unknown,Най Харн,condo,catalog_generator_candidate,,,ru/wegc-catalog-data.js,market,/ru/podbor.html?project=utopiya-naiharn,,not_verified,false,not_verified,resolve_project_and_family_before_commercial_verification,Preserved source index; generator may infer group/district/type from project wording. Not current inventory.
PHK-P-16dfe496c525,580,utopiya-talang,Утопия Таланг,по запросу,unknown,unresolved,unknown,unknown,not_verified,unknown,Най Янг,condo,catalog_generator_candidate,,,ru/wegc-catalog-data.js,market,/ru/podbor.html?project=utopiya-talang,,not_verified,false,not_verified,resolve_project_and_family_before_commercial_verification,Preserved source index; generator may infer group/district/type from project wording. Not current inventory.
PHK-P-fd85ebd19a29,581,fantaziya-ravai,Фантазия Раваи,по запросу,unknown,unresolved,unknown,unknown,not_verified,unknown,Раваи,condo,catalog_generator_candidate,,,ru/wegc-catalog-data.js,market,/ru/podbor.html?project=fantaziya-ravai,,not_verified,false,not_verified,resolve_project_and_family_before_commercial_verification,Preserved source index; generator may infer group/district/type from project wording. Not current inventory.
PHK-P-19a1ad32b0c7,582,fentezi-kamala,Фэнтези Камала,по запросу,unknown,unresolved,unknown,unknown,not_verified,unknown,Камала,condo,catalog_generator_candidate,,,ru/wegc-catalog-data.js,market,/ru/podbor.html?project=fentezi-kamala,,not_verified,false,not_verified,resolve_project_and_family_before_commercial_verification,Preserved source index; generator may infer group/district/type from project wording. Not current inventory.
PHK-P-a4e63bcacf6c,583,halo,Хало,по запросу,unknown,unresolved,unknown,unknown,not_verified,unknown,Най Янг,condo,catalog_generator_candidate,,,ru/wegc-catalog-data.js,market,/ru/podbor.html?project=halo,,not_verified,false,not_verified,resolve_project_and_family_before_commercial_verification,Preserved source index; generator may infer group/district/type from project wording. Not current inventory.
PHK-P-12cfcad1399e,584,harmoni,Хармони,по запросу,unknown,unresolved,unknown,unknown,not_verified,unknown,Раваи,condo,catalog_generator_candidate,,,ru/wegc-catalog-data.js,market,/ru/podbor.html?project=harmoni,,not_verified,false,not_verified,resolve_project_and_family_before_commercial_verification,Preserved source index; generator may infer group/district/type from project wording. Not current inventory.
PHK-P-5017d1bf977c,585,heidevei-leik-villas,Хейдэвей Лейк Виллас,по запросу,unknown,unresolved,unknown,unknown,not_verified,unknown,Банг Тао,villa,catalog_generator_candidate,,,ru/wegc-catalog-data.js,market,/ru/podbor.html?project=heidevei-leik-villas,,not_verified,false,not_verified,resolve_project_and_family_before_commercial_verification,Preserved source index; generator may infer group/district/type from project wording. Not current inventory.
PHK-P-4166a2e76094,586,hennessi-villa-karon,Хеннесси Вилла Карон,по запросу,unknown,unresolved,unknown,unknown,not_verified,unknown,Ката · Карон,villa,catalog_generator_candidate,,,ru/wegc-catalog-data.js,market,/ru/podbor.html?project=hennessi-villa-karon,,not_verified,false,not_verified,resolve_project_and_family_before_commercial_verification,Preserved source index; generator may infer group/district/type from project wording. Not current inventory.
PHK-P-f33f571b682d,587,hennessi-rezidens,Хеннесси Резиденс,по запросу,unknown,unresolved,unknown,unknown,not_verified,unknown,Ката · Карон,condo,catalog_generator_candidate,,,ru/wegc-catalog-data.js,market,/ru/podbor.html?project=hennessi-rezidens,,not_verified,false,not_verified,resolve_project_and_family_before_commercial_verification,Preserved source index; generator may infer group/district/type from project wording. Not current inventory.
PHK-P-fd3df5d9a339,588,heriteidzh-suits,Херитейдж Суитс,по запросу,unknown,unresolved,unknown,unknown,not_verified,unknown,Кату,condo,catalog_generator_candidate,,,ru/wegc-catalog-data.js,market,/ru/podbor.html?project=heriteidzh-suits,,not_verified,false,not_verified,resolve_project_and_family_before_commercial_verification,Preserved source index; generator may infer group/district/type from project wording. Not current inventory.
PHK-P-3711cd7bec28,589,hidland-keip-yamu,"Хидланд, Кейп Яму",по запросу,unknown,unresolved,unknown,unknown,not_verified,unknown,Мыс Яму,condo,catalog_generator_candidate,,,ru/wegc-catalog-data.js,market,/ru/podbor.html?project=hidland-keip-yamu,,not_verified,false,not_verified,resolve_project_and_family_before_commercial_verification,Preserved source index; generator may infer group/district/type from project wording. Not current inventory.
PHK-P-6c89c7c535b4,590,hill-maina,Хилл Майна,по запросу,unknown,unresolved,unknown,unknown,not_verified,unknown,Сурин,condo,catalog_generator_candidate,,,ru/wegc-catalog-data.js,market,/ru/podbor.html?project=hill-maina,,not_verified,false,not_verified,resolve_project_and_family_before_commercial_verification,Preserved source index; generator may infer group/district/type from project wording. Not current inventory.
PHK-P-9894d4996262,591,himmapana-villas,Химмапана Виллас,по запросу,unknown,unresolved,unknown,unknown,not_verified,unknown,Камала,villa,catalog_generator_candidate,,,ru/wegc-catalog-data.js,market,/ru/podbor.html?project=himmapana-villas,,not_verified,false,not_verified,resolve_project_and_family_before_commercial_verification,Preserved source index; generator may infer group/district/type from project wording. Not current inventory.
PHK-P-a65e41579cea,592,himmapana-villas-terrass,Химмапана Виллас Террасс,по запросу,unknown,unresolved,unknown,unknown,not_verified,unknown,Камала,villa,catalog_generator_candidate,,,ru/wegc-catalog-data.js,market,/ru/podbor.html?project=himmapana-villas-terrass,,not_verified,false,not_verified,resolve_project_and_family_before_commercial_verification,Preserved source index; generator may infer group/district/type from project wording. Not current inventory.
PHK-P-683851216734,593,himmapana-grand-vallei,Химмапана Гранд Валлей,по запросу,unknown,unresolved,unknown,unknown,not_verified,unknown,Камала,condo,catalog_generator_candidate,,,ru/wegc-catalog-data.js,market,/ru/podbor.html?project=himmapana-grand-vallei,,not_verified,false,not_verified,resolve_project_and_family_before_commercial_verification,Preserved source index; generator may infer group/district/type from project wording. Not current inventory.
PHK-P-c1b097ff1f5f,594,hram-villa-karon,Храм Вилла Карон,по запросу,unknown,unresolved,unknown,unknown,not_verified,unknown,Ката · Карон,villa,catalog_generator_candidate,,,ru/wegc-catalog-data.js,market,/ru/podbor.html?project=hram-villa-karon,,not_verified,false,not_verified,resolve_project_and_family_before_commercial_verification,Preserved source index; generator may infer group/district/type from project wording. Not current inventory.
PHK-P-5febed1e6fd6,595,hram-chalong-villy,Храм Чалонг Виллы,по запросу,unknown,unresolved,unknown,unknown,not_verified,unknown,Чалонг,villa,catalog_generator_candidate,,,ru/wegc-catalog-data.js,market,/ru/podbor.html?project=hram-chalong-villy,,not_verified,false,not_verified,resolve_project_and_family_before_commercial_verification,Preserved source index; generator may infer group/district/type from project wording. Not current inventory.
PHK-P-6f02a5766a2c,596,tsivetta,Циветта,по запросу,unknown,unresolved,unknown,unknown,not_verified,unknown,Раваи,condo,catalog_generator_candidate,,,ru/wegc-catalog-data.js,market,/ru/podbor.html?project=tsivetta,,not_verified,false,not_verified,resolve_project_and_family_before_commercial_verification,Preserved source index; generator may infer group/district/type from project wording. Not current inventory.
PHK-P-4ae08a2185b0,597,tsivetta-grand,Циветта Гранд,по запросу,unknown,unresolved,unknown,unknown,not_verified,unknown,Най Харн,condo,catalog_generator_candidate,,,ru/wegc-catalog-data.js,market,/ru/podbor.html?project=tsivetta-grand,,not_verified,false,not_verified,resolve_project_and_family_before_commercial_verification,Preserved source index; generator may infer group/district/type from project wording. Not current inventory.
PHK-P-6f5eae9ef970,598,chava,Чава,по запросу,unknown,unresolved,unknown,unknown,not_verified,unknown,Сурин,condo,catalog_generator_candidate,,,ru/wegc-catalog-data.js,market,/ru/podbor.html?project=chava,,not_verified,false,not_verified,resolve_project_and_family_before_commercial_verification,Preserved source index; generator may infer group/district/type from project wording. Not current inventory.
PHK-P-61b2897e708e,599,chalong-bichfront,Чалонг Бичфронт,по запросу,unknown,unresolved,unknown,unknown,not_verified,unknown,Чалонг,condo,catalog_generator_candidate,,,ru/wegc-catalog-data.js,market,/ru/podbor.html?project=chalong-bichfront,,not_verified,false,not_verified,resolve_project_and_family_before_commercial_verification,Preserved source index; generator may infer group/district/type from project wording. Not current inventory.
PHK-P-40a415d10ba7,600,cherng-lei-villas-i-kondo,Чернг Лэй Виллас и Кондо,по запросу,unknown,unresolved,unknown,unknown,not_verified,unknown,Чернг Талай,villa,catalog_generator_candidate,,,ru/wegc-catalog-data.js,market,/ru/podbor.html?project=cherng-lei-villas-i-kondo,,not_verified,false,not_verified,resolve_project_and_family_before_commercial_verification,Preserved source index; generator may infer group/district/type from project wording. Not current inventory.
PHK-P-d59f3429f9ed,601,chom-tavan,Чом Таван,по запросу,unknown,unresolved,unknown,unknown,not_verified,unknown,Банг Тао,condo,catalog_generator_candidate,,,ru/wegc-catalog-data.js,market,/ru/podbor.html?project=chom-tavan,,not_verified,false,not_verified,resolve_project_and_family_before_commercial_verification,Preserved source index; generator may infer group/district/type from project wording. Not current inventory.
PHK-P-cddd3b7599dd,602,shambala-grand-villa,Шамбала Гранд Вилла,по запросу,unknown,unresolved,unknown,unknown,not_verified,unknown,Банг Тао,villa,catalog_generator_candidate,,,ru/wegc-catalog-data.js,market,/ru/podbor.html?project=shambala-grand-villa,,not_verified,false,not_verified,resolve_project_and_family_before_commercial_verification,Preserved source index; generator may infer group/district/type from project wording. Not current inventory.
PHK-P-fb1484ec1917,603,shanti,Шанти,по запросу,unknown,unresolved,unknown,unknown,not_verified,unknown,Раваи,condo,catalog_generator_candidate,,,ru/wegc-catalog-data.js,market,/ru/podbor.html?project=shanti,,not_verified,false,not_verified,resolve_project_and_family_before_commercial_verification,Preserved source index; generator may infer group/district/type from project wording. Not current inventory.
PHK-P-32d445098d6b,604,shri-panva,Шри Панва,по запросу,unknown,unresolved,unknown,unknown,not_verified,unknown,Панва,condo,catalog_generator_candidate,,,ru/wegc-catalog-data.js,market,/ru/podbor.html?project=shri-panva,,not_verified,false,not_verified,resolve_project_and_family_before_commercial_verification,Preserved source index; generator may infer group/district/type from project wording. Not current inventory.
PHK-P-b460f646467d,605,shri-panva-lagun,Шри Панва Лагун,по запросу,unknown,unresolved,unknown,unknown,not_verified,unknown,Банг Тао,condo,catalog_generator_candidate,,,ru/wegc-catalog-data.js,market,/ru/podbor.html?project=shri-panva-lagun,,not_verified,false,not_verified,resolve_project_and_family_before_commercial_verification,Preserved source index; generator may infer group/district/type from project wording. Not current inventory.
PHK-P-b850bb1119c0,606,shuga-villa-kamala,Шуга Вилла Камала,по запросу,unknown,unresolved,unknown,unknown,not_verified,unknown,Камала,villa,catalog_generator_candidate,,,ru/wegc-catalog-data.js,market,/ru/podbor.html?project=shuga-villa-kamala,,not_verified,false,not_verified,resolve_project_and_family_before_commercial_verification,Preserved source index; generator may infer group/district/type from project wording. Not current inventory.
PHK-P-1a5977ced5f0,607,ebov-element,Эбов Элемент,по запросу,unknown,unresolved,unknown,unknown,not_verified,unknown,Банг Тао,condo,catalog_generator_candidate,,,ru/wegc-catalog-data.js,market,/ru/podbor.html?project=ebov-element,,not_verified,false,not_verified,resolve_project_and_family_before_commercial_verification,Preserved source index; generator may infer group/district/type from project wording. Not current inventory.
PHK-P-264546990b92,608,ebov-element-villa,Эбов Элемент Вилла,по запросу,unknown,unresolved,unknown,unknown,not_verified,unknown,Банг Тао,villa,catalog_generator_candidate,,,ru/wegc-catalog-data.js,market,/ru/podbor.html?project=ebov-element-villa,,not_verified,false,not_verified,resolve_project_and_family_before_commercial_verification,Preserved source index; generator may infer group/district/type from project wording. Not current inventory.
PHK-P-97e4599fc221,609,eksklyuziv-skai,Эксклюзив Скай,по запросу,unknown,unresolved,unknown,unknown,not_verified,unknown,Камала,condo,catalog_generator_candidate,,,ru/wegc-catalog-data.js,market,/ru/podbor.html?project=eksklyuziv-skai,,not_verified,false,not_verified,resolve_project_and_family_before_commercial_verification,Preserved source index; generator may infer group/district/type from project wording. Not current inventory.
PHK-P-4a2a90cd95c9,610,elvud-villas-ravai,Элвуд Виллас Раваи,по запросу,unknown,unresolved,unknown,unknown,not_verified,unknown,Раваи,villa,catalog_generator_candidate,,,ru/wegc-catalog-data.js,market,/ru/podbor.html?project=elvud-villas-ravai,,not_verified,false,not_verified,resolve_project_and_family_before_commercial_verification,Preserved source index; generator may infer group/district/type from project wording. Not current inventory.
PHK-P-7299756a008f,611,element-kamala,Элемент Камала,по запросу,unknown,unresolved,unknown,unknown,not_verified,unknown,Камала,condo,catalog_generator_candidate,,,ru/wegc-catalog-data.js,market,/ru/podbor.html?project=element-kamala,,not_verified,false,not_verified,resolve_project_and_family_before_commercial_verification,Preserved source index; generator may infer group/district/type from project wording. Not current inventory.
PHK-P-301d4b767790,612,element-ot-vallaya-villas,Элемент от Валлая Виллас,по запросу,unknown,unresolved,unknown,unknown,not_verified,unknown,Банг Тао,villa,catalog_generator_candidate,,,ru/wegc-catalog-data.js,market,/ru/podbor.html?project=element-ot-vallaya-villas,,not_verified,false,not_verified,resolve_project_and_family_before_commercial_verification,Preserved source index; generator may infer group/district/type from project wording. Not current inventory.
PHK-P-196c6b4a0017,613,emerald-terras,Эмеральд Террас,по запросу,unknown,unresolved,unknown,unknown,not_verified,unknown,Патонг,condo,catalog_generator_candidate,,,ru/wegc-catalog-data.js,market,/ru/podbor.html?project=emerald-terras,,not_verified,false,not_verified,resolve_project_and_family_before_commercial_verification,Preserved source index; generator may infer group/district/type from project wording. Not current inventory.
PHK-P-3c4d498bad3d,614,enigma-rezidens,Энигма Резиденс,по запросу,unknown,unresolved,unknown,unknown,not_verified,unknown,Раваи,condo,catalog_generator_candidate,,,ru/wegc-catalog-data.js,market,/ru/podbor.html?project=enigma-rezidens,,not_verified,false,not_verified,resolve_project_and_family_before_commercial_verification,Preserved source index; generator may infer group/district/type from project wording. Not current inventory.
PHK-P-df3848c8d67d,615,eravana-grand,Эравана Гранд,по запросу,unknown,unresolved,unknown,unknown,not_verified,unknown,Банг Тао,condo,catalog_generator_candidate,,,ru/wegc-catalog-data.js,market,/ru/podbor.html?project=eravana-grand,,not_verified,false,not_verified,resolve_project_and_family_before_commercial_verification,Preserved source index; generator may infer group/district/type from project wording. Not current inventory.
PHK-P-0f0f0f4a70aa,616,eravana-krik,Эравана Крик,по запросу,unknown,unresolved,unknown,unknown,not_verified,unknown,Банг Тао,condo,catalog_generator_candidate,,,ru/wegc-catalog-data.js,market,/ru/podbor.html?project=eravana-krik,,not_verified,false,not_verified,resolve_project_and_family_before_commercial_verification,Preserved source index; generator may infer group/district/type from project wording. Not current inventory.
PHK-P-29a0582c0e51,617,et-ze-tri,Эт Зе Три,по запросу,unknown,unresolved,unknown,unknown,not_verified,unknown,Раваи,condo,catalog_generator_candidate,,,ru/wegc-catalog-data.js,market,/ru/podbor.html?project=et-ze-tri,,not_verified,false,not_verified,resolve_project_and_family_before_commercial_verification,Preserved source index; generator may infer group/district/type from project wording. Not current inventory.
PHK-P-d803ae85d978,618,yunik-eko-viva,Юник Эко Вива,Unique,Unique,generator_alias_candidate,low,unknown,not_verified,unknown,Чалонг,condo,catalog_generator_candidate,,,ru/wegc-catalog-data.js,market,/ru/podbor.html?project=yunik-eko-viva,,not_verified,false,not_verified,resolve_project_and_family_before_commercial_verification,Preserved source index; generator may infer group/district/type from project wording. Not current inventory.
